TRANSACTION_ID,EVENT_HOUR,OPERATION,DB_USER,MACHINE_NAME,SESSION_NUM,IS_ANOMALY
2500590,9,DDL,ADMIN,adb-ap-mumbai-1-cluster1.external,469,1
2478789,6,INSERT,ADMIN,adb-ap-mumbai-1-cluster1.external,377,1
2820730,6,INSERT,ADMIN,adb-ap-mumbai-1-cluster1.external,258,1
2789720,6,INSERT,ADMIN,adb-ap-mumbai-1-cluster1.external,287,1
3413981,6,INSERT,ADMIN,adb-ap-mumbai-1-cluster1.external,344,1
2354346,6,INSERT,ADMIN,adb-ap-mumbai-1-cluster1.external,460,1
3346896,7,INSERT,ADMIN,adb-ap-mumbai-1-cluster1.external,410,1
3494359,7,INSERT,ADMIN,adb-ap-mumbai-1-cluster1.external,441,1
3064392,7,INSERT,ADMIN,adb-ap-mumbai-1-cluster1.external,234,1
3824822,7,INSERT,ADMIN,adb-ap-mumbai-1-cluster1.external,403,1
2219628,7,INSERT,ADMIN,adb-ap-mumbai-1-cluster1.external,313,1
2127483,9,INSERT,ADMIN,adb-ap-mumbai-1-cluster1.external,216,0
3137451,9,INSERT,ADMIN,adb-ap-mumbai-1-cluster1.external,472,0
2395530,9,INSERT,ADMIN,adb-ap-mumbai-1-cluster1.external,275,0
3213556,9,INSERT,ADMIN,adb-ap-mumbai-1-cluster1.external,288,0
3624717,9,INSERT,ADMIN,adb-ap-mumbai-1-cluster1.external,268,0
3051394,9,INSERT,ADMIN,adb-ap-mumbai-1-cluster1.external,430,0
3994896,9,INSERT,ADMIN,adb-ap-mumbai-1-cluster1.external,467,0
2850496,9,INSERT,ADMIN,adb-ap-mumbai-1-cluster1.external,277,0
3424844,9,INSERT,ADMIN,adb-ap-mumbai-1-cluster1.external,213,0
3484002,9,INSERT,ADMIN,adb-ap-mumbai-1-cluster1.external,357,0
2855538,9,INSERT,ADMIN,adb-ap-mumbai-1-cluster1.external,489,0
3566912,9,INSERT,ADMIN,adb-ap-mumbai-1-cluster1.external,295,0
3898643,9,INSERT,ADMIN,adb-ap-mumbai-1-cluster1.external,303,0
3416504,9,INSERT,ADMIN,adb-ap-mumbai-1-cluster1.external,490,0
2553858,9,INSERT,ADMIN,adb-ap-mumbai-1-cluster1.external,222,0
3667049,9,INSERT,ADMIN,adb-ap-mumbai-1-cluster1.external,411,0
2563056,9,INSERT,ADMIN,adb-ap-mumbai-1-cluster1.external,460,0
2204418,9,INSERT,ADMIN,adb-ap-mumbai-1-cluster1.external,485,0
2172800,9,INSERT,ADMIN,adb-ap-mumbai-1-cluster1.external,498,0
2369829,9,INSERT,ADMIN,adb-ap-mumbai-1-cluster1.external,496,0
3986322,9,INSERT,ADMIN,adb-ap-mumbai-1-cluster1.external,351,0
2575401,9,INSERT,ADMIN,adb-ap-mumbai-1-cluster1.external,490,0
3312711,9,INSERT,ADMIN,adb-ap-mumbai-1-cluster1.external,383,0
2777874,9,INSERT,ADMIN,adb-ap-mumbai-1-cluster1.external,226,0
2465497,9,INSERT,ADMIN,adb-ap-mumbai-1-cluster1.external,339,0
2118473,9,INSERT,ADMIN,adb-ap-mumbai-1-cluster1.external,397,0
3151658,9,INSERT,ADMIN,adb-ap-mumbai-1-cluster1.external,249,0
3228699,9,INSERT,ADMIN,adb-ap-mumbai-1-cluster1.external,321,0
3460555,9,INSERT,ADMIN,adb-ap-mumbai-1-cluster1.external,380,0
2543945,9,INSERT,ADMIN,adb-ap-mumbai-1-cluster1.external,482,0
3409021,9,INSERT,ADMIN,adb-ap-mumbai-1-cluster1.external,248,0
3935995,9,INSERT,ADMIN,adb-ap-mumbai-1-cluster1.external,279,0
2020608,9,INSERT,ADMIN,adb-ap-mumbai-1-cluster1.external,363,0
2588967,9,INSERT,ADMIN,adb-ap-mumbai-1-cluster1.external,278,0
3046103,9,INSERT,ADMIN,adb-ap-mumbai-1-cluster1.external,442,0
2739607,9,INSERT,ADMIN,adb-ap-mumbai-1-cluster1.external,252,0
3007267,9,INSERT,ADMIN,adb-ap-mumbai-1-cluster1.external,273,0
2022259,9,INSERT,ADMIN,adb-ap-mumbai-1-cluster1.external,469,0
2691843,9,INSERT,ADMIN,adb-ap-mumbai-1-cluster1.external,225,0
3618180,9,INSERT,ADMIN,adb-ap-mumbai-1-cluster1.external,282,0
2359431,9,INSERT,ADMIN,adb-ap-mumbai-1-cluster1.external,289,0
3579746,9,INSERT,ADMIN,adb-ap-mumbai-1-cluster1.external,200,0
3630201,9,INSERT,ADMIN,adb-ap-mumbai-1-cluster1.external,257,0
2638510,9,INSERT,ADMIN,adb-ap-mumbai-1-cluster1.external,433,0
3183813,9,INSERT,ADMIN,adb-ap-mumbai-1-cluster1.external,439,0
3979827,9,INSERT,ADMIN,adb-ap-mumbai-1-cluster1.external,373,0
2171631,9,INSERT,ADMIN,adb-ap-mumbai-1-cluster1.external,242,0
2031141,9,INSERT,ADMIN,adb-ap-mumbai-1-cluster1.external,270,0
2828521,9,INSERT,ADMIN,adb-ap-mumbai-1-cluster1.external,238,0
2634089,9,INSERT,ADMIN,adb-ap-mumbai-1-cluster1.external,204,0
2029051,9,INSERT,ADMIN,adb-ap-mumbai-1-cluster1.external,361,0
3965208,9,INSERT,ADMIN,adb-ap-mumbai-1-cluster1.external,238,0
3357426,9,INSERT,ADMIN,adb-ap-mumbai-1-cluster1.external,451,0
3384200,9,INSERT,ADMIN,adb-ap-mumbai-1-cluster1.external,327,0
2352360,9,INSERT,ADMIN,adb-ap-mumbai-1-cluster1.external,453,0
2352360,9,INSERT,ADMIN,adb-ap-mumbai-1-cluster1.external,338,0
2352360,9,INSERT,ADMIN,adb-ap-mumbai-1-cluster1.external,384,0
2352360,9,INSERT,ADMIN,adb-ap-mumbai-1-cluster1.external,491,0
2352360,9,INSERT,ADMIN,adb-ap-mumbai-1-cluster1.external,328,0
2352360,9,INSERT,ADMIN,adb-ap-mumbai-1-cluster1.external,218,0
2352360,9,INSERT,ADMIN,adb-ap-mumbai-1-cluster1.external,255,0
2352360,9,INSERT,ADMIN,adb-ap-mumbai-1-cluster1.external,206,0
2352360,9,INSERT,ADMIN,adb-ap-mumbai-1-cluster1.external,495,0
2352360,9,INSERT,ADMIN,adb-ap-mumbai-1-cluster1.external,355,0
2352360,9,INSERT,ADMIN,adb-ap-mumbai-1-cluster1.external,314,0
2352360,9,INSERT,ADMIN,adb-ap-mumbai-1-cluster1.external,293,0
2352360,9,INSERT,ADMIN,adb-ap-mumbai-1-cluster1.external,200,0
2352360,9,INSERT,ADMIN,adb-ap-mumbai-1-cluster1.external,390,0
2352360,9,INSERT,ADMIN,adb-ap-mumbai-1-cluster1.external,499,0
2352360,9,INSERT,ADMIN,adb-ap-mumbai-1-cluster1.external,236,0
2352360,9,INSERT,ADMIN,adb-ap-mumbai-1-cluster1.external,265,0
2352360,9,INSERT,ADMIN,adb-ap-mumbai-1-cluster1.external,380,0
2352360,9,INSERT,ADMIN,adb-ap-mumbai-1-cluster1.external,385,0
2352360,9,INSERT,ADMIN,adb-ap-mumbai-1-cluster1.external,389,0
2352360,9,INSERT,ADMIN,adb-ap-mumbai-1-cluster1.external,360,0
2352360,9,INSERT,ADMIN,adb-ap-mumbai-1-cluster1.external,384,0
2352360,9,INSERT,ADMIN,adb-ap-mumbai-1-cluster1.external,250,0
2352360,9,INSERT,ADMIN,adb-ap-mumbai-1-cluster1.external,409,0
2352360,9,INSERT,ADMIN,adb-ap-mumbai-1-cluster1.external,330,0
2352360,9,INSERT,ADMIN,adb-ap-mumbai-1-cluster1.external,261,0
2352360,9,INSERT,ADMIN,adb-ap-mumbai-1-cluster1.external,439,0
2352360,9,INSERT,ADMIN,adb-ap-mumbai-1-cluster1.external,207,0
2352360,9,INSERT,ADMIN,adb-ap-mumbai-1-cluster1.external,420,0
2352360,9,INSERT,ADMIN,adb-ap-mumbai-1-cluster1.external,319,0
2352360,9,INSERT,ADMIN,adb-ap-mumbai-1-cluster1.external,340,0
2352360,9,INSERT,ADMIN,adb-ap-mumbai-1-cluster1.external,268,0
2352360,9,INSERT,ADMIN,adb-ap-mumbai-1-cluster1.external,465,0
2352360,9,INSERT,ADMIN,adb-ap-mumbai-1-cluster1.external,250,0
2352360,9,INSERT,ADMIN,adb-ap-mumbai-1-cluster1.external,278,0
2352360,9,INSERT,ADMIN,adb-ap-mumbai-1-cluster1.external,440,0
2352954,9,DDL,ADMIN,adb-ap-mumbai-1-cluster1.external,254,1
2353010,9,INSERT,USER_1,USER-1-PC-DD455K1,269,0
2353010,9,INSERT,USER_1,USER-1-PC-DD455K1,443,0
2353010,9,INSERT,USER_1,USER-1-PC-DD455K1,357,0
2353010,9,INSERT,USER_1,USER-1-PC-DD455K1,220,0
2353010,9,INSERT,USER_1,USER-1-PC-DD455K1,303,0
2353010,9,INSERT,USER_1,USER-1-PC-DD455K1,201,0
2353010,9,INSERT,USER_1,USER-1-PC-DD455K1,473,0
2353010,9,INSERT,USER_1,USER-1-PC-DD455K1,476,0
2353010,9,INSERT,USER_1,USER-1-PC-DD455K1,455,0
2353010,9,INSERT,USER_1,USER-1-PC-DD455K1,209,0
2353010,9,INSERT,USER_1,USER-1-PC-DD455K1,312,0
2353010,9,INSERT,USER_1,USER-1-PC-DD455K1,254,0
2353010,9,INSERT,USER_1,USER-1-PC-DD455K1,225,0
2353010,9,INSERT,USER_1,USER-1-PC-DD455K1,432,0
2353010,9,INSERT,USER_1,USER-1-PC-DD455K1,485,0
2353010,9,INSERT,USER_1,USER-1-PC-DD455K1,357,0
2353010,9,INSERT,USER_1,USER-1-PC-DD455K1,298,0
2353010,9,INSERT,USER_1,USER-1-PC-DD455K1,388,0
2353010,9,INSERT,USER_1,USER-1-PC-DD455K1,453,0
2353010,9,INSERT,USER_1,USER-1-PC-DD455K1,238,0
2353010,9,INSERT,USER_1,USER-1-PC-DD455K1,438,0
2353010,9,INSERT,USER_1,USER-1-PC-DD455K1,334,0
2353010,9,INSERT,USER_1,USER-1-PC-DD455K1,414,0
2353010,9,INSERT,USER_1,USER-1-PC-DD455K1,484,0
2353010,9,INSERT,USER_1,USER-1-PC-DD455K1,352,0
2353010,9,INSERT,USER_1,USER-1-PC-DD455K1,319,0
2353010,9,INSERT,USER_1,USER-1-PC-DD455K1,356,0
2353010,9,INSERT,USER_1,USER-1-PC-DD455K1,465,0
2353010,9,INSERT,USER_1,USER-1-PC-DD455K1,427,0
2353010,9,INSERT,USER_1,USER-1-PC-DD455K1,464,0
2353010,9,INSERT,USER_1,USER-1-PC-DD455K1,314,0
2353010,9,INSERT,USER_1,USER-1-PC-DD455K1,219,0
2353010,9,INSERT,USER_1,USER-1-PC-DD455K1,303,0
2353010,9,INSERT,USER_1,USER-1-PC-DD455K1,367,0
2353010,9,INSERT,USER_1,USER-1-PC-DD455K1,455,0
2353010,9,INSERT,USER_1,USER-1-PC-DD455K1,496,0
2353010,9,INSERT,USER_1,USER-1-PC-DD455K1,202,0
2353010,9,INSERT,USER_1,USER-1-PC-DD455K1,286,0
2353010,9,INSERT,USER_1,USER-1-PC-DD455K1,293,0
2353010,9,INSERT,USER_1,USER-1-PC-DD455K1,210,0
2353010,9,INSERT,USER_1,USER-1-PC-DD455K1,294,0
2353010,9,INSERT,USER_1,USER-1-PC-DD455K1,474,0
2353010,9,INSERT,USER_1,USER-1-PC-DD455K1,285,0
2353010,9,INSERT,USER_1,USER-1-PC-DD455K1,300,0
2353010,9,INSERT,USER_1,USER-1-PC-DD455K1,232,0
2353010,9,INSERT,USER_1,USER-1-PC-DD455K1,280,0
2353010,9,INSERT,USER_1,USER-1-PC-DD455K1,246,0
2353010,9,INSERT,USER_1,USER-1-PC-DD455K1,394,0
2353010,9,INSERT,USER_1,USER-1-PC-DD455K1,441,0
2353010,9,INSERT,USER_1,USER-1-PC-DD455K1,453,0
2353010,9,INSERT,USER_1,USER-1-PC-DD455K1,403,0
2353010,9,INSERT,USER_1,USER-1-PC-DD455K1,322,0
2353010,9,INSERT,USER_1,USER-1-PC-DD455K1,297,0
2353010,9,INSERT,USER_1,USER-1-PC-DD455K1,206,0
2353010,9,INSERT,USER_1,USER-1-PC-DD455K1,238,0
2353010,9,INSERT,USER_1,USER-1-PC-DD455K1,471,0
2353010,9,INSERT,USER_1,USER-1-PC-DD455K1,339,0
2353010,9,INSERT,USER_1,USER-1-PC-DD455K1,241,0
2353010,9,INSERT,USER_1,USER-1-PC-DD455K1,456,0
2353010,9,INSERT,USER_1,USER-1-PC-DD455K1,362,0
2353010,9,INSERT,USER_1,USER-1-PC-DD455K1,327,0
2353010,9,INSERT,USER_1,USER-1-PC-DD455K1,212,0
2353010,9,INSERT,USER_1,USER-1-PC-DD455K1,281,0
2353010,9,INSERT,USER_1,USER-1-PC-DD455K1,278,0
2353010,9,INSERT,USER_1,USER-1-PC-DD455K1,223,0
2353010,9,INSERT,USER_1,USER-1-PC-DD455K1,450,0
2353010,9,INSERT,USER_1,USER-1-PC-DD455K1,454,0
2353010,9,INSERT,USER_1,USER-1-PC-DD455K1,258,0
2353010,9,INSERT,USER_1,USER-1-PC-DD455K1,471,0
2353010,9,INSERT,USER_1,USER-1-PC-DD455K1,311,0
2353010,9,INSERT,USER_1,USER-1-PC-DD455K1,417,0
2353010,9,INSERT,USER_1,USER-1-PC-DD455K1,322,0
2353010,9,INSERT,USER_1,USER-1-PC-DD455K1,270,0
2353010,9,INSERT,USER_1,USER-1-PC-DD455K1,479,0
2353010,9,INSERT,USER_1,USER-1-PC-DD455K1,258,0
2353010,9,INSERT,USER_1,USER-1-PC-DD455K1,392,0
2353010,9,INSERT,USER_1,USER-1-PC-DD455K1,321,0
2353010,9,INSERT,USER_1,USER-1-PC-DD455K1,223,0
2353010,9,INSERT,USER_1,USER-1-PC-DD455K1,311,0
2353010,9,INSERT,USER_1,USER-1-PC-DD455K1,425,0
2353010,9,INSERT,USER_1,USER-1-PC-DD455K1,482,0
2353010,9,INSERT,USER_1,USER-1-PC-DD455K1,325,0
2353010,9,INSERT,USER_1,USER-1-PC-DD455K1,409,0
2353010,9,INSERT,USER_1,USER-1-PC-DD455K1,334,0
2353010,9,INSERT,USER_1,USER-1-PC-DD455K1,365,0
2353010,9,INSERT,USER_1,USER-1-PC-DD455K1,495,0
2353010,9,INSERT,USER_1,USER-1-PC-DD455K1,273,0
2353010,9,INSERT,USER_1,USER-1-PC-DD455K1,243,0
2353010,9,INSERT,USER_1,USER-1-PC-DD455K1,298,0
2353010,9,INSERT,USER_1,USER-1-PC-DD455K1,308,0
2353010,9,INSERT,USER_1,USER-1-PC-DD455K1,434,0
2353010,9,INSERT,USER_1,USER-1-PC-DD455K1,484,0
2353010,9,INSERT,USER_1,USER-1-PC-DD455K1,384,0
2353010,9,INSERT,USER_1,USER-1-PC-DD455K1,484,0
2353010,9,INSERT,USER_1,USER-1-PC-DD455K1,261,0
2353010,9,INSERT,USER_1,USER-1-PC-DD455K1,422,0
2353010,9,INSERT,USER_1,USER-1-PC-DD455K1,428,0
2353010,9,INSERT,USER_1,USER-1-PC-DD455K1,274,0
2353010,9,INSERT,USER_1,USER-1-PC-DD455K1,449,0
2353010,9,INSERT,USER_1,USER-1-PC-DD455K1,354,0
2353123,9,INSERT,ADMIN,RDP-SESSION-17,242,1
2353174,9,INSERT,ADMIN,RDP-SESSION-17,315,1
2354844,10,INSERT,USER_1,USER-1-android-4f2a9d1c12ab3e7d,320,0
2354844,10,INSERT,USER_1,USER-1-android-4f2a9d1c12ab3e7d,334,0
2354844,10,INSERT,USER_1,USER-1-android-4f2a9d1c12ab3e7d,398,0
2354844,10,INSERT,USER_1,USER-1-android-4f2a9d1c12ab3e7d,231,0
2354844,10,INSERT,USER_1,USER-1-android-4f2a9d1c12ab3e7d,272,0
2354844,10,INSERT,USER_1,USER-1-android-4f2a9d1c12ab3e7d,325,0
2354844,10,INSERT,USER_1,USER-1-android-4f2a9d1c12ab3e7d,370,0
2354844,10,INSERT,USER_1,USER-1-android-4f2a9d1c12ab3e7d,468,0
2354844,10,INSERT,USER_1,USER-1-android-4f2a9d1c12ab3e7d,395,0
2354844,10,INSERT,USER_1,USER-1-android-4f2a9d1c12ab3e7d,243,0
2354844,10,INSERT,USER_1,USER-1-android-4f2a9d1c12ab3e7d,310,0
2354844,10,INSERT,USER_1,USER-1-android-4f2a9d1c12ab3e7d,365,0
2354844,10,INSERT,USER_1,USER-1-android-4f2a9d1c12ab3e7d,451,0
2354844,10,INSERT,USER_1,USER-1-android-4f2a9d1c12ab3e7d,200,0
2354844,10,INSERT,USER_1,USER-1-android-4f2a9d1c12ab3e7d,463,0
2354844,10,INSERT,USER_1,USER-1-android-4f2a9d1c12ab3e7d,255,0
2354844,10,INSERT,USER_1,USER-1-android-4f2a9d1c12ab3e7d,448,0
2354844,10,INSERT,USER_1,USER-1-android-4f2a9d1c12ab3e7d,265,0
2354844,10,INSERT,USER_1,USER-1-android-4f2a9d1c12ab3e7d,489,0
2354844,10,INSERT,USER_1,USER-1-android-4f2a9d1c12ab3e7d,422,0
2354844,10,INSERT,USER_1,USER-1-android-4f2a9d1c12ab3e7d,203,0
2354844,10,INSERT,USER_1,USER-1-android-4f2a9d1c12ab3e7d,429,0
2354844,10,INSERT,USER_1,USER-1-android-4f2a9d1c12ab3e7d,255,0
2354844,10,INSERT,USER_1,USER-1-android-4f2a9d1c12ab3e7d,461,0
2354844,10,INSERT,USER_1,USER-1-android-4f2a9d1c12ab3e7d,433,0
2354844,10,INSERT,USER_1,USER-1-android-4f2a9d1c12ab3e7d,467,0
2354844,10,INSERT,USER_1,USER-1-android-4f2a9d1c12ab3e7d,416,0
2354844,10,INSERT,USER_1,USER-1-android-4f2a9d1c12ab3e7d,471,0
2354844,10,INSERT,USER_1,USER-1-android-4f2a9d1c12ab3e7d,425,0
2354844,10,INSERT,USER_1,USER-1-android-4f2a9d1c12ab3e7d,465,0
2354844,10,INSERT,USER_1,USER-1-android-4f2a9d1c12ab3e7d,481,0
2354844,10,INSERT,USER_1,USER-1-android-4f2a9d1c12ab3e7d,336,0
2354844,10,INSERT,USER_1,USER-1-android-4f2a9d1c12ab3e7d,301,0
2354844,10,INSERT,USER_1,USER-1-android-4f2a9d1c12ab3e7d,207,0
2354844,10,INSERT,USER_1,USER-1-android-4f2a9d1c12ab3e7d,202,0
2354844,10,INSERT,USER_1,USER-1-android-4f2a9d1c12ab3e7d,294,0
2354844,10,INSERT,USER_1,USER-1-android-4f2a9d1c12ab3e7d,287,0
2354844,10,INSERT,USER_1,USER-1-android-4f2a9d1c12ab3e7d,253,0
2354844,10,INSERT,USER_1,USER-1-android-4f2a9d1c12ab3e7d,303,0
2354844,10,INSERT,USER_1,USER-1-android-4f2a9d1c12ab3e7d,352,0
2354844,10,INSERT,USER_1,USER-1-android-4f2a9d1c12ab3e7d,324,0
2354844,10,INSERT,USER_1,USER-1-android-4f2a9d1c12ab3e7d,401,0
2354844,10,INSERT,USER_1,USER-1-android-4f2a9d1c12ab3e7d,340,0
2354844,10,INSERT,USER_1,USER-1-android-4f2a9d1c12ab3e7d,401,0
2354844,10,INSERT,USER_1,USER-1-android-4f2a9d1c12ab3e7d,208,0
2354844,10,INSERT,USER_1,USER-1-android-4f2a9d1c12ab3e7d,423,0
2354844,10,INSERT,USER_1,USER-1-android-4f2a9d1c12ab3e7d,363,0
2354844,10,INSERT,USER_1,USER-1-android-4f2a9d1c12ab3e7d,491,0
2354844,10,INSERT,USER_1,USER-1-android-4f2a9d1c12ab3e7d,470,0
2354844,10,INSERT,USER_1,USER-1-android-4f2a9d1c12ab3e7d,353,0
2354844,10,INSERT,USER_1,USER-1-android-4f2a9d1c12ab3e7d,440,0
2354844,10,INSERT,USER_1,USER-1-android-4f2a9d1c12ab3e7d,335,0
2354844,10,INSERT,USER_1,USER-1-android-4f2a9d1c12ab3e7d,465,0
2354844,10,INSERT,USER_1,USER-1-android-4f2a9d1c12ab3e7d,272,0
2354844,10,INSERT,USER_1,USER-1-android-4f2a9d1c12ab3e7d,268,0
2354844,10,INSERT,USER_1,USER-1-android-4f2a9d1c12ab3e7d,460,0
2354844,10,INSERT,USER_1,USER-1-android-4f2a9d1c12ab3e7d,276,0
2354844,10,INSERT,USER_1,USER-1-android-4f2a9d1c12ab3e7d,301,0
2354844,10,INSERT,USER_1,USER-1-android-4f2a9d1c12ab3e7d,487,0
2354844,10,INSERT,USER_1,USER-1-android-4f2a9d1c12ab3e7d,263,0
2354844,10,INSERT,USER_1,USER-1-android-4f2a9d1c12ab3e7d,203,0
2354844,10,INSERT,USER_1,USER-1-android-4f2a9d1c12ab3e7d,292,0
2354844,10,INSERT,USER_1,USER-1-android-4f2a9d1c12ab3e7d,447,0
2354844,10,INSERT,USER_1,USER-1-android-4f2a9d1c12ab3e7d,223,0
2354844,10,INSERT,USER_1,USER-1-android-4f2a9d1c12ab3e7d,272,0
2354844,10,INSERT,USER_1,USER-1-android-4f2a9d1c12ab3e7d,318,0
2354844,10,INSERT,USER_1,USER-1-android-4f2a9d1c12ab3e7d,202,0
2354844,10,INSERT,USER_1,USER-1-android-4f2a9d1c12ab3e7d,318,0
2354844,10,INSERT,USER_1,USER-1-android-4f2a9d1c12ab3e7d,403,0
2354844,10,INSERT,USER_1,USER-1-android-4f2a9d1c12ab3e7d,310,0
2354844,10,INSERT,USER_1,USER-1-android-4f2a9d1c12ab3e7d,497,0
2354844,10,INSERT,USER_1,USER-1-android-4f2a9d1c12ab3e7d,223,0
2354844,10,INSERT,USER_1,USER-1-android-4f2a9d1c12ab3e7d,237,0
2354844,10,INSERT,USER_1,USER-1-android-4f2a9d1c12ab3e7d,449,0
2354844,10,INSERT,USER_1,USER-1-android-4f2a9d1c12ab3e7d,227,0
2354844,10,INSERT,USER_1,USER-1-android-4f2a9d1c12ab3e7d,462,0
2354844,10,INSERT,USER_1,USER-1-android-4f2a9d1c12ab3e7d,482,0
2354844,10,INSERT,USER_1,USER-1-android-4f2a9d1c12ab3e7d,337,0
2354844,10,INSERT,USER_1,USER-1-android-4f2a9d1c12ab3e7d,430,0
2354844,10,INSERT,USER_1,USER-1-android-4f2a9d1c12ab3e7d,288,0
2354844,10,INSERT,USER_1,USER-1-android-4f2a9d1c12ab3e7d,492,0
2354844,10,INSERT,USER_1,USER-1-android-4f2a9d1c12ab3e7d,444,0
2354844,10,INSERT,USER_1,USER-1-android-4f2a9d1c12ab3e7d,499,0
2354844,10,INSERT,USER_1,USER-1-android-4f2a9d1c12ab3e7d,335,0
2354844,10,INSERT,USER_1,USER-1-android-4f2a9d1c12ab3e7d,401,0
2354844,10,INSERT,USER_1,USER-1-android-4f2a9d1c12ab3e7d,246,0
2354844,10,INSERT,USER_1,USER-1-android-4f2a9d1c12ab3e7d,335,0
2354844,10,INSERT,USER_1,USER-1-android-4f2a9d1c12ab3e7d,459,0
2354844,10,INSERT,USER_1,USER-1-android-4f2a9d1c12ab3e7d,274,0
2354844,10,INSERT,USER_1,USER-1-android-4f2a9d1c12ab3e7d,460,0
2354844,10,INSERT,USER_1,USER-1-android-4f2a9d1c12ab3e7d,358,0
2354844,10,INSERT,USER_1,USER-1-android-4f2a9d1c12ab3e7d,397,0
2354844,10,INSERT,USER_1,USER-1-android-4f2a9d1c12ab3e7d,278,0
2354844,10,INSERT,USER_1,USER-1-android-4f2a9d1c12ab3e7d,304,0
2354844,10,INSERT,USER_1,USER-1-android-4f2a9d1c12ab3e7d,243,0
2354844,10,INSERT,USER_1,USER-1-android-4f2a9d1c12ab3e7d,369,0
2354844,10,INSERT,USER_1,USER-1-android-4f2a9d1c12ab3e7d,346,0
2354844,10,INSERT,USER_1,USER-1-android-4f2a9d1c12ab3e7d,486,0
2354844,10,INSERT,USER_1,USER-1-android-4f2a9d1c12ab3e7d,205,0
2354844,10,INSERT,USER_1,USER-1-android-4f2a9d1c12ab3e7d,248,0
2354901,10,DELETE,USER_1,USER-1-android-4f2a9d1c12ab3e7d,364,0
2354901,10,DELETE,USER_1,USER-1-android-4f2a9d1c12ab3e7d,449,0
2354901,10,DELETE,USER_1,USER-1-android-4f2a9d1c12ab3e7d,395,0
2354901,10,DELETE,USER_1,USER-1-android-4f2a9d1c12ab3e7d,452,0
2354901,10,DELETE,USER_1,USER-1-android-4f2a9d1c12ab3e7d,497,0
2354901,10,DELETE,USER_1,USER-1-android-4f2a9d1c12ab3e7d,264,0
2354901,10,DELETE,USER_1,USER-1-android-4f2a9d1c12ab3e7d,333,0
2354901,10,DELETE,USER_1,USER-1-android-4f2a9d1c12ab3e7d,272,0
2354901,10,DELETE,USER_1,USER-1-android-4f2a9d1c12ab3e7d,383,0
2354901,10,DELETE,USER_1,USER-1-android-4f2a9d1c12ab3e7d,219,0
2354901,10,DELETE,USER_1,USER-1-android-4f2a9d1c12ab3e7d,380,0
2354901,10,DELETE,USER_1,USER-1-android-4f2a9d1c12ab3e7d,371,0
2354901,10,DELETE,USER_1,USER-1-android-4f2a9d1c12ab3e7d,225,0
2354901,10,DELETE,USER_1,USER-1-android-4f2a9d1c12ab3e7d,330,0
2354901,10,DELETE,USER_1,USER-1-android-4f2a9d1c12ab3e7d,405,0
2354901,10,DELETE,USER_1,USER-1-android-4f2a9d1c12ab3e7d,483,0
2354901,10,DELETE,USER_1,USER-1-android-4f2a9d1c12ab3e7d,415,0
2354901,10,DELETE,USER_1,USER-1-android-4f2a9d1c12ab3e7d,205,0
2354901,10,DELETE,USER_1,USER-1-android-4f2a9d1c12ab3e7d,295,0
2354901,10,DELETE,USER_1,USER-1-android-4f2a9d1c12ab3e7d,314,0
2354901,10,DELETE,USER_1,USER-1-android-4f2a9d1c12ab3e7d,385,0
2354901,10,DELETE,USER_1,USER-1-android-4f2a9d1c12ab3e7d,229,0
2354901,10,DELETE,USER_1,USER-1-android-4f2a9d1c12ab3e7d,369,0
2354901,10,DELETE,USER_1,USER-1-android-4f2a9d1c12ab3e7d,333,0
2354901,10,DELETE,USER_1,USER-1-android-4f2a9d1c12ab3e7d,396,0
2354901,10,DELETE,USER_1,USER-1-android-4f2a9d1c12ab3e7d,314,0
2354901,10,DELETE,USER_1,USER-1-android-4f2a9d1c12ab3e7d,387,0
2354901,10,DELETE,USER_1,USER-1-android-4f2a9d1c12ab3e7d,446,0
2354901,10,DELETE,USER_1,USER-1-android-4f2a9d1c12ab3e7d,382,0
2354901,10,DELETE,USER_1,USER-1-android-4f2a9d1c12ab3e7d,302,0
2354901,10,DELETE,USER_1,USER-1-android-4f2a9d1c12ab3e7d,234,0
2354901,10,DELETE,USER_1,USER-1-android-4f2a9d1c12ab3e7d,406,0
2354901,10,DELETE,USER_1,USER-1-android-4f2a9d1c12ab3e7d,498,0
2354901,10,DELETE,USER_1,USER-1-android-4f2a9d1c12ab3e7d,411,0
2354901,10,DELETE,USER_1,USER-1-android-4f2a9d1c12ab3e7d,441,0
2354901,10,DELETE,USER_1,USER-1-android-4f2a9d1c12ab3e7d,379,0
2354901,10,DELETE,USER_1,USER-1-android-4f2a9d1c12ab3e7d,478,0
2354901,10,DELETE,USER_1,USER-1-android-4f2a9d1c12ab3e7d,375,0
2354901,10,DELETE,USER_1,USER-1-android-4f2a9d1c12ab3e7d,308,0
2354901,10,DELETE,USER_1,USER-1-android-4f2a9d1c12ab3e7d,403,0
2354901,10,DELETE,USER_1,USER-1-android-4f2a9d1c12ab3e7d,482,0
2354901,10,DELETE,USER_1,USER-1-android-4f2a9d1c12ab3e7d,213,0
2354901,10,DELETE,USER_1,USER-1-android-4f2a9d1c12ab3e7d,251,0
2354901,10,DELETE,USER_1,USER-1-android-4f2a9d1c12ab3e7d,232,0
2354901,10,DELETE,USER_1,USER-1-android-4f2a9d1c12ab3e7d,428,0
2354901,10,DELETE,USER_1,USER-1-android-4f2a9d1c12ab3e7d,231,0
2354901,10,DELETE,USER_1,USER-1-android-4f2a9d1c12ab3e7d,222,0
2354901,10,DELETE,USER_1,USER-1-android-4f2a9d1c12ab3e7d,246,0
2354901,10,DELETE,USER_1,USER-1-android-4f2a9d1c12ab3e7d,360,0
2354901,10,DELETE,USER_1,USER-1-android-4f2a9d1c12ab3e7d,253,0
2354901,10,DELETE,USER_1,USER-1-android-4f2a9d1c12ab3e7d,214,0
2354901,10,DELETE,USER_1,USER-1-android-4f2a9d1c12ab3e7d,344,0
2354901,10,DELETE,USER_1,USER-1-android-4f2a9d1c12ab3e7d,236,0
2354901,10,DELETE,USER_1,USER-1-android-4f2a9d1c12ab3e7d,402,0
2354901,10,DELETE,USER_1,USER-1-android-4f2a9d1c12ab3e7d,251,0
2354901,10,DELETE,USER_1,USER-1-android-4f2a9d1c12ab3e7d,360,0
2354901,10,DELETE,USER_1,USER-1-android-4f2a9d1c12ab3e7d,371,0
2354901,10,DELETE,USER_1,USER-1-android-4f2a9d1c12ab3e7d,404,0
2354901,10,DELETE,USER_1,USER-1-android-4f2a9d1c12ab3e7d,239,0
2354901,10,DELETE,USER_1,USER-1-android-4f2a9d1c12ab3e7d,428,0
2354901,10,DELETE,USER_1,USER-1-android-4f2a9d1c12ab3e7d,306,0
2354901,10,DELETE,USER_1,USER-1-android-4f2a9d1c12ab3e7d,340,0
2354901,10,DELETE,USER_1,USER-1-android-4f2a9d1c12ab3e7d,498,0
2354901,10,DELETE,USER_1,USER-1-android-4f2a9d1c12ab3e7d,278,0
2354901,10,DELETE,USER_1,USER-1-android-4f2a9d1c12ab3e7d,308,0
2354901,10,DELETE,USER_1,USER-1-android-4f2a9d1c12ab3e7d,331,0
2354901,10,DELETE,USER_1,USER-1-android-4f2a9d1c12ab3e7d,344,0
2354901,10,DELETE,USER_1,USER-1-android-4f2a9d1c12ab3e7d,265,0
2354901,10,DELETE,USER_1,USER-1-android-4f2a9d1c12ab3e7d,273,0
2354901,10,DELETE,USER_1,USER-1-android-4f2a9d1c12ab3e7d,408,0
2354901,10,DELETE,USER_1,USER-1-android-4f2a9d1c12ab3e7d,243,0
2354901,10,DELETE,USER_1,USER-1-android-4f2a9d1c12ab3e7d,333,0
2354901,10,DELETE,USER_1,USER-1-android-4f2a9d1c12ab3e7d,210,0
2354901,10,DELETE,USER_1,USER-1-android-4f2a9d1c12ab3e7d,239,0
2354901,10,DELETE,USER_1,USER-1-android-4f2a9d1c12ab3e7d,331,0
2354901,10,DELETE,USER_1,USER-1-android-4f2a9d1c12ab3e7d,273,0
2354901,6,DELETE,USER_2,USER-2-MacBook-Pro,341,1
2354901,6,DELETE,USER_2,USER-2-MacBook-Pro,239,1
2354901,6,DELETE,USER_2,USER-2-MacBook-Pro,217,1
2354901,6,DELETE,USER_2,USER-2-MacBook-Pro,325,1
2354901,6,DELETE,USER_2,USER-2-MacBook-Pro,498,1
2354901,6,DELETE,USER_2,USER-2-MacBook-Pro,407,1
2354901,6,DELETE,USER_2,OTHER-android-4f2a9d1c12ab3e2d,428,1
2354901,6,DELETE,USER_2,OTHER-android-4f2a9d1c12ab3e2d,300,1
2354901,18,DELETE,USER_2,USER-2-MacBook-Pro,403,0
2354901,18,DELETE,USER_2,USER-2-MacBook-Pro,376,0
2354901,18,DELETE,USER_2,USER-2-MacBook-Pro,419,0
2354901,18,DELETE,USER_2,USER-2-MacBook-Pro,461,0
2354901,18,DELETE,USER_2,USER-2-MacBook-Pro,373,0
2354901,18,DELETE,USER_2,USER-2-MacBook-Pro,474,0
2354901,18,DELETE,USER_2,USER-2-MacBook-Pro,446,0
2354901,18,DELETE,USER_2,USER-2-MacBook-Pro,292,0
2354901,18,DELETE,USER_2,USER-2-MacBook-Pro,440,0
2354901,18,DELETE,USER_2,USER-2-MacBook-Pro,444,0
2354901,18,DELETE,USER_2,USER-2-MacBook-Pro,336,0
2354901,18,DELETE,USER_2,USER-2-MacBook-Pro,292,0
2354901,18,DELETE,USER_2,USER-2-MacBook-Pro,470,0
2354901,18,DELETE,USER_2,USER-2-MacBook-Pro,381,0
2354901,18,DELETE,USER_2,USER-2-MacBook-Pro,353,0
2354901,18,DELETE,USER_2,USER-2-MacBook-Pro,434,0
2354950,11,INSERT,ADMIN,adb-ap-mumbai-1-cluster1.external,478,0
2354950,11,INSERT,ADMIN,adb-ap-mumbai-1-cluster1.external,370,0
2354950,11,INSERT,ADMIN,adb-ap-mumbai-1-cluster1.external,390,0
2354950,11,INSERT,ADMIN,adb-ap-mumbai-1-cluster1.external,490,0
2354950,11,INSERT,ADMIN,adb-ap-mumbai-1-cluster1.external,401,0
2354950,11,INSERT,ADMIN,adb-ap-mumbai-1-cluster1.external,448,0
2354950,11,INSERT,ADMIN,adb-ap-mumbai-1-cluster1.external,310,0
2354950,11,INSERT,ADMIN,adb-ap-mumbai-1-cluster1.external,427,0
2354950,11,INSERT,ADMIN,adb-ap-mumbai-1-cluster1.external,332,0
2354950,11,INSERT,ADMIN,adb-ap-mumbai-1-cluster1.external,392,0
2354950,11,INSERT,ADMIN,adb-ap-mumbai-1-cluster1.external,244,0
2354950,11,INSERT,ADMIN,adb-ap-mumbai-1-cluster1.external,200,0
2354950,11,INSERT,ADMIN,adb-ap-mumbai-1-cluster1.external,221,0
2354950,11,INSERT,ADMIN,adb-ap-mumbai-1-cluster1.external,486,0
2354950,11,INSERT,ADMIN,adb-ap-mumbai-1-cluster1.external,221,0
2354950,11,INSERT,ADMIN,adb-ap-mumbai-1-cluster1.external,472,0
2354950,11,INSERT,ADMIN,adb-ap-mumbai-1-cluster1.external,422,0
2354950,11,INSERT,ADMIN,adb-ap-mumbai-1-cluster1.external,204,0
2354950,11,INSERT,ADMIN,adb-ap-mumbai-1-cluster1.external,348,0
2354950,11,INSERT,ADMIN,adb-ap-mumbai-1-cluster1.external,358,0
2354950,11,INSERT,ADMIN,adb-ap-mumbai-1-cluster1.external,250,0
2354950,11,INSERT,ADMIN,adb-ap-mumbai-1-cluster1.external,280,0
2354950,11,INSERT,ADMIN,adb-ap-mumbai-1-cluster1.external,423,0
2354950,11,INSERT,ADMIN,adb-ap-mumbai-1-cluster1.external,357,0
2354950,11,INSERT,ADMIN,adb-ap-mumbai-1-cluster1.external,423,0
2354950,11,INSERT,ADMIN,adb-ap-mumbai-1-cluster1.external,484,0
2354950,11,INSERT,ADMIN,adb-ap-mumbai-1-cluster1.external,467,0
2354950,11,INSERT,ADMIN,adb-ap-mumbai-1-cluster1.external,431,0
2354950,11,INSERT,ADMIN,adb-ap-mumbai-1-cluster1.external,315,0
2354950,11,INSERT,ADMIN,adb-ap-mumbai-1-cluster1.external,375,0
2354950,11,INSERT,ADMIN,adb-ap-mumbai-1-cluster1.external,238,0
2354950,11,INSERT,ADMIN,adb-ap-mumbai-1-cluster1.external,482,0
2354950,11,INSERT,ADMIN,adb-ap-mumbai-1-cluster1.external,304,0
2354950,11,INSERT,ADMIN,adb-ap-mumbai-1-cluster1.external,220,0
2354950,11,INSERT,ADMIN,adb-ap-mumbai-1-cluster1.external,341,0
2354950,11,INSERT,ADMIN,adb-ap-mumbai-1-cluster1.external,211,0
2354950,11,INSERT,ADMIN,adb-ap-mumbai-1-cluster1.external,213,0
2354950,11,INSERT,ADMIN,adb-ap-mumbai-1-cluster1.external,330,0
2354950,11,INSERT,ADMIN,adb-ap-mumbai-1-cluster1.external,407,0
2354950,11,INSERT,ADMIN,adb-ap-mumbai-1-cluster1.external,273,0
2354950,11,INSERT,ADMIN,adb-ap-mumbai-1-cluster1.external,368,0
2354950,11,INSERT,ADMIN,adb-ap-mumbai-1-cluster1.external,331,0
2354950,11,INSERT,ADMIN,adb-ap-mumbai-1-cluster1.external,441,0
2354950,11,INSERT,ADMIN,adb-ap-mumbai-1-cluster1.external,282,0
2354950,11,INSERT,ADMIN,adb-ap-mumbai-1-cluster1.external,426,0
2354950,11,INSERT,ADMIN,adb-ap-mumbai-1-cluster1.external,243,0
2354950,11,INSERT,ADMIN,adb-ap-mumbai-1-cluster1.external,370,0
2354950,11,INSERT,ADMIN,adb-ap-mumbai-1-cluster1.external,449,0
2354950,11,INSERT,ADMIN,adb-ap-mumbai-1-cluster1.external,288,0
2354950,11,INSERT,ADMIN,adb-ap-mumbai-1-cluster1.external,487,0
2354950,11,INSERT,ADMIN,adb-ap-mumbai-1-cluster1.external,285,0
2354950,11,INSERT,ADMIN,adb-ap-mumbai-1-cluster1.external,381,0
2354950,11,INSERT,ADMIN,adb-ap-mumbai-1-cluster1.external,421,0
2354950,11,INSERT,ADMIN,adb-ap-mumbai-1-cluster1.external,327,0
2354950,11,INSERT,ADMIN,adb-ap-mumbai-1-cluster1.external,387,0
2354950,11,INSERT,ADMIN,adb-ap-mumbai-1-cluster1.external,248,0
2354950,11,INSERT,ADMIN,adb-ap-mumbai-1-cluster1.external,234,0
2354950,11,INSERT,ADMIN,adb-ap-mumbai-1-cluster1.external,407,0
2354950,11,INSERT,ADMIN,adb-ap-mumbai-1-cluster1.external,269,0
2354950,11,INSERT,ADMIN,adb-ap-mumbai-1-cluster1.external,215,0
2354950,11,INSERT,ADMIN,adb-ap-mumbai-1-cluster1.external,306,0
2354950,11,INSERT,ADMIN,adb-ap-mumbai-1-cluster1.external,435,0
2354950,11,INSERT,ADMIN,adb-ap-mumbai-1-cluster1.external,465,0
2354950,11,INSERT,ADMIN,adb-ap-mumbai-1-cluster1.external,402,0
2354950,11,INSERT,ADMIN,adb-ap-mumbai-1-cluster1.external,490,0
2354950,11,INSERT,ADMIN,adb-ap-mumbai-1-cluster1.external,303,0
2354950,11,INSERT,ADMIN,adb-ap-mumbai-1-cluster1.external,364,0
2354950,11,INSERT,ADMIN,adb-ap-mumbai-1-cluster1.external,404,0
2354950,11,INSERT,ADMIN,adb-ap-mumbai-1-cluster1.external,293,0
2354950,11,INSERT,ADMIN,adb-ap-mumbai-1-cluster1.external,387,0
2354950,11,INSERT,ADMIN,adb-ap-mumbai-1-cluster1.external,281,0
2354950,11,INSERT,ADMIN,adb-ap-mumbai-1-cluster1.external,453,0
2354950,11,INSERT,ADMIN,adb-ap-mumbai-1-cluster1.external,473,0
2354950,11,INSERT,ADMIN,adb-ap-mumbai-1-cluster1.external,390,0
2354950,11,INSERT,ADMIN,adb-ap-mumbai-1-cluster1.external,396,0
2354950,11,INSERT,ADMIN,adb-ap-mumbai-1-cluster1.external,319,0
2354950,11,INSERT,ADMIN,adb-ap-mumbai-1-cluster1.external,361,0
2354950,11,INSERT,ADMIN,adb-ap-mumbai-1-cluster1.external,290,0
2354950,11,INSERT,ADMIN,adb-ap-mumbai-1-cluster1.external,466,0
2354950,11,INSERT,ADMIN,adb-ap-mumbai-1-cluster1.external,266,0
2354950,11,INSERT,ADMIN,adb-ap-mumbai-1-cluster1.external,389,0
2354950,11,INSERT,ADMIN,adb-ap-mumbai-1-cluster1.external,461,0
2354950,11,INSERT,ADMIN,adb-ap-mumbai-1-cluster1.external,436,0
2354950,11,INSERT,ADMIN,adb-ap-mumbai-1-cluster1.external,355,0
2354950,11,INSERT,ADMIN,adb-ap-mumbai-1-cluster1.external,260,0
2354950,11,INSERT,ADMIN,adb-ap-mumbai-1-cluster1.external,354,0
2354950,11,INSERT,ADMIN,adb-ap-mumbai-1-cluster1.external,354,0
2354950,11,INSERT,ADMIN,adb-ap-mumbai-1-cluster1.external,203,0
2354950,11,INSERT,ADMIN,adb-ap-mumbai-1-cluster1.external,324,0
2354950,11,INSERT,ADMIN,adb-ap-mumbai-1-cluster1.external,455,0
2354950,11,INSERT,ADMIN,adb-ap-mumbai-1-cluster1.external,427,0
2354950,11,INSERT,ADMIN,adb-ap-mumbai-1-cluster1.external,458,0
2354950,11,INSERT,ADMIN,adb-ap-mumbai-1-cluster1.external,351,0
2354950,11,INSERT,ADMIN,adb-ap-mumbai-1-cluster1.external,254,0
2354950,11,INSERT,ADMIN,adb-ap-mumbai-1-cluster1.external,308,0
2354950,11,INSERT,ADMIN,adb-ap-mumbai-1-cluster1.external,437,0
2354950,11,INSERT,ADMIN,adb-ap-mumbai-1-cluster1.external,207,0
2354950,11,INSERT,ADMIN,adb-ap-mumbai-1-cluster1.external,326,0
2354950,11,INSERT,ADMIN,adb-ap-mumbai-1-cluster1.external,328,0
2354950,11,INSERT,ADMIN,adb-ap-mumbai-1-cluster1.external,288,0
2354959,11,INSERT,ADMIN,adb-ap-mumbai-1-cluster1.external,382,0
2354959,11,INSERT,ADMIN,adb-ap-mumbai-1-cluster1.external,310,0
2354959,11,INSERT,ADMIN,adb-ap-mumbai-1-cluster1.external,339,0
2354959,11,INSERT,ADMIN,adb-ap-mumbai-1-cluster1.external,392,0
2354959,11,INSERT,ADMIN,adb-ap-mumbai-1-cluster1.external,313,0
2354959,11,INSERT,ADMIN,adb-ap-mumbai-1-cluster1.external,274,0
2354959,20,DELETE,ADMIN,adb-ap-mumbai-1-cluster1.external,254,1
2354959,20,DELETE,ADMIN,adb-ap-mumbai-1-cluster1.external,323,1
2354959,20,DELETE,ADMIN,adb-ap-mumbai-1-cluster1.external,435,1
2355011,11,INSERT,USER_1,USER-1-PC-DD455K1,264,0
2355011,11,INSERT,USER_1,USER-1-PC-DD455K1,240,0
2355011,11,INSERT,USER_1,USER-1-PC-DD455K1,219,0
2355011,11,INSERT,USER_1,USER-1-PC-DD455K1,253,0
2355011,11,INSERT,USER_1,USER-1-PC-DD455K1,482,0
2355011,11,INSERT,USER_1,USER-1-PC-DD455K1,291,0
2355011,11,INSERT,USER_1,USER-1-PC-DD455K1,290,0
2355011,11,INSERT,USER_1,USER-1-PC-DD455K1,265,0
2355011,11,INSERT,USER_1,USER-1-PC-DD455K1,334,0
2355011,11,INSERT,USER_1,USER-1-PC-DD455K1,430,0
2355011,11,INSERT,USER_1,USER-1-PC-DD455K1,464,0
2355011,11,INSERT,USER_1,USER-1-PC-DD455K1,448,0
2355011,11,INSERT,USER_1,USER-1-PC-DD455K1,494,0
2355011,11,INSERT,USER_1,USER-1-PC-DD455K1,382,0
2355011,11,INSERT,USER_1,USER-1-PC-DD455K1,472,0
2355011,11,INSERT,USER_1,USER-1-PC-DD455K1,304,0
2355011,11,INSERT,USER_1,USER-1-PC-DD455K1,474,0
2355011,11,INSERT,USER_1,USER-1-PC-DD455K1,445,0
2355011,11,INSERT,USER_1,USER-1-PC-DD455K1,400,0
2355011,11,INSERT,USER_1,USER-1-PC-DD455K1,404,0
2355011,11,INSERT,USER_1,USER-1-PC-DD455K1,265,0
2355011,11,INSERT,USER_1,USER-1-PC-DD455K1,319,0
2355011,11,INSERT,USER_1,USER-1-PC-DD455K1,355,0
2355011,11,INSERT,USER_1,USER-1-PC-DD455K1,250,0
2355011,11,INSERT,USER_1,USER-1-PC-DD455K1,271,0
2355011,11,INSERT,USER_1,USER-1-PC-DD455K1,411,0
2355011,11,INSERT,USER_1,USER-1-PC-DD455K1,427,0
2355011,11,INSERT,USER_1,USER-1-PC-DD455K1,350,0
2355011,11,INSERT,USER_1,USER-1-PC-DD455K1,451,0
2355011,11,INSERT,USER_1,USER-1-PC-DD455K1,370,0
2355011,11,INSERT,USER_1,USER-1-PC-DD455K1,425,0
2355011,11,INSERT,USER_1,USER-1-PC-DD455K1,348,0
2355011,11,INSERT,USER_1,USER-1-PC-DD455K1,347,0
2355011,11,INSERT,USER_1,USER-1-PC-DD455K1,253,0
2355011,11,INSERT,USER_1,USER-1-PC-DD455K1,378,0
2355011,11,INSERT,USER_1,USER-1-PC-DD455K1,230,0
2355011,11,INSERT,USER_1,USER-1-PC-DD455K1,346,0
2355011,11,INSERT,USER_1,USER-1-PC-DD455K1,372,0
2355011,11,INSERT,USER_1,USER-1-PC-DD455K1,401,0
2355011,11,INSERT,USER_1,USER-1-PC-DD455K1,499,0
2355011,11,INSERT,USER_1,USER-1-PC-DD455K1,454,0
2355011,11,INSERT,USER_1,USER-1-PC-DD455K1,245,0
2355011,11,INSERT,USER_1,USER-1-PC-DD455K1,474,0
2355011,11,INSERT,USER_1,USER-1-PC-DD455K1,345,0
2355011,11,INSERT,USER_1,USER-1-PC-DD455K1,353,0
2355011,11,INSERT,USER_1,USER-1-PC-DD455K1,414,0
2355011,11,INSERT,USER_1,USER-1-PC-DD455K1,404,0
2355011,11,INSERT,USER_1,USER-1-PC-DD455K1,344,0
2355011,11,INSERT,USER_1,USER-1-PC-DD455K1,449,0
2355011,11,INSERT,USER_1,USER-1-PC-DD455K1,256,0
2355011,11,INSERT,USER_1,USER-1-PC-DD455K1,366,0
2355011,11,INSERT,USER_1,USER-1-PC-DD455K1,354,0
2355011,11,INSERT,USER_1,USER-1-PC-DD455K1,378,0
2355011,11,INSERT,USER_1,USER-1-PC-DD455K1,467,0
2355011,11,INSERT,USER_1,USER-1-PC-DD455K1,385,0
2355011,11,INSERT,USER_1,USER-1-PC-DD455K1,310,0
2355011,11,INSERT,USER_1,USER-1-PC-DD455K1,351,0
2355011,11,INSERT,USER_1,USER-1-PC-DD455K1,301,0
2355011,11,INSERT,USER_1,USER-1-PC-DD455K1,246,0
2355011,11,INSERT,USER_1,USER-1-PC-DD455K1,390,0
2355011,11,INSERT,USER_1,USER-1-PC-DD455K1,225,0
2355011,11,INSERT,USER_1,USER-1-PC-DD455K1,270,0
2355011,11,INSERT,USER_1,USER-1-PC-DD455K1,225,0
2355011,11,INSERT,USER_1,USER-1-PC-DD455K1,205,0
2355011,11,INSERT,USER_1,USER-1-PC-DD455K1,495,0
2355011,11,INSERT,USER_1,USER-1-PC-DD455K1,397,0
2355011,11,INSERT,USER_1,USER-1-PC-DD455K1,285,0
2355011,11,INSERT,USER_1,USER-1-PC-DD455K1,319,0
2355011,11,INSERT,USER_1,USER-1-PC-DD455K1,361,0
2355011,11,INSERT,USER_1,USER-1-PC-DD455K1,319,0
2355011,11,INSERT,USER_1,USER-1-PC-DD455K1,399,0
2355011,11,INSERT,USER_1,USER-1-PC-DD455K1,248,0
2355011,11,INSERT,USER_1,USER-1-PC-DD455K1,258,0
2355011,11,INSERT,USER_1,USER-1-PC-DD455K1,394,0
2355011,11,INSERT,USER_1,USER-1-PC-DD455K1,474,0
2355011,11,INSERT,USER_1,USER-1-PC-DD455K1,234,0
2355011,11,INSERT,USER_1,USER-1-PC-DD455K1,326,0
2355011,11,INSERT,USER_1,USER-1-PC-DD455K1,322,0
2355011,11,INSERT,USER_1,USER-1-PC-DD455K1,286,0
2355011,11,INSERT,USER_1,USER-1-PC-DD455K1,202,0
2355011,11,INSERT,USER_1,USER-1-PC-DD455K1,469,0
2355011,11,INSERT,USER_1,USER-1-PC-DD455K1,249,0
2355011,11,INSERT,USER_1,USER-1-PC-DD455K1,335,0
2355011,11,INSERT,USER_1,USER-1-PC-DD455K1,312,0
2355011,11,INSERT,USER_1,USER-1-PC-DD455K1,414,0
2355011,11,INSERT,USER_1,USER-1-PC-DD455K1,211,0
2355011,11,INSERT,USER_1,USER-1-PC-DD455K1,318,0
2355011,11,INSERT,USER_1,USER-1-PC-DD455K1,400,0
2355011,11,INSERT,USER_1,USER-1-PC-DD455K1,378,0
2355011,11,INSERT,USER_1,USER-1-PC-DD455K1,289,0
2355011,11,INSERT,USER_1,USER-1-PC-DD455K1,376,0
2355011,11,INSERT,USER_1,USER-1-PC-DD455K1,428,0
2355011,11,INSERT,USER_1,USER-1-PC-DD455K1,372,0
2355011,11,INSERT,USER_1,USER-1-PC-DD455K1,382,0
2355011,11,INSERT,USER_1,USER-1-PC-DD455K1,476,0
2355011,11,INSERT,USER_1,USER-1-PC-DD455K1,401,0
2355011,11,INSERT,USER_1,USER-1-PC-DD455K1,275,0
2355011,11,INSERT,USER_1,USER-1-PC-DD455K1,491,0
2355011,11,INSERT,USER_1,USER-1-PC-DD455K1,383,0
2355011,11,INSERT,USER_1,USER-1-PC-DD455K1,390,0
2355011,11,INSERT,USER_1,USER-1-PC-DD455K1,293,0
2355011,11,INSERT,USER_1,USER-1-PC-DD455K1,240,0
2355011,11,INSERT,USER_1,USER-1-PC-DD455K1,400,0
2355011,11,INSERT,USER_1,USER-1-PC-DD455K1,333,0
2355011,11,INSERT,USER_1,USER-1-PC-DD455K1,271,0
2355011,11,INSERT,USER_1,USER-1-PC-DD455K1,221,0
2355011,11,INSERT,USER_1,USER-1-PC-DD455K1,384,0
2355011,11,INSERT,USER_1,USER-1-PC-DD455K1,225,0
2355011,11,INSERT,USER_1,USER-1-PC-DD455K1,327,0
2355011,11,INSERT,USER_1,USER-1-PC-DD455K1,289,0
2355011,18,INSERT,USER_2,USER-2-MacBook-Pro,389,0
2355011,18,INSERT,USER_2,USER-2-MacBook-Pro,261,0
2355011,18,INSERT,USER_2,USER-2-MacBook-Pro,395,0
2355011,18,INSERT,USER_2,USER-2-MacBook-Pro,324,0
2355011,18,INSERT,USER_2,USER-2-MacBook-Pro,312,0
2355011,18,INSERT,USER_2,USER-2-MacBook-Pro,382,0
2355011,18,INSERT,USER_2,USER-2-MacBook-Pro,240,0
2355011,18,INSERT,USER_2,USER-2-MacBook-Pro,408,0
2355011,18,INSERT,USER_2,USER-2-MacBook-Pro,345,0
2355011,18,INSERT,USER_2,USER-2-MacBook-Pro,346,0
2355011,18,INSERT,USER_2,USER-2-MacBook-Pro,368,0
2355011,18,INSERT,USER_2,USER-2-MacBook-Pro,440,0
2355011,18,INSERT,USER_2,USER-2-MacBook-Pro,496,0
2355011,18,INSERT,USER_2,USER-2-MacBook-Pro,327,0
2355011,18,INSERT,USER_2,USER-2-MacBook-Pro,262,0
2355011,18,INSERT,USER_2,USER-2-MacBook-Pro,472,0
2355011,18,INSERT,USER_2,USER-2-MacBook-Pro,316,0
2355011,18,INSERT,USER_2,USER-2-MacBook-Pro,361,0
2355011,18,INSERT,USER_2,USER-2-MacBook-Pro,445,0
2355011,18,INSERT,USER_2,USER-2-MacBook-Pro,337,0
2355011,18,INSERT,USER_2,USER-2-MacBook-Pro,279,0
2355011,18,INSERT,USER_2,USER-2-MacBook-Pro,318,0
2355011,18,INSERT,USER_2,USER-2-MacBook-Pro,231,0
2355011,18,INSERT,USER_2,USER-2-MacBook-Pro,358,0
2355011,19,INSERT,USER_2,USER-2-MacBook-Pro,284,0
2355011,19,INSERT,USER_2,USER-2-MacBook-Pro,454,0
2355011,19,INSERT,USER_2,USER-2-MacBook-Pro,207,0
2355011,19,INSERT,USER_2,USER-2-MacBook-Pro,436,0
2355011,19,INSERT,USER_2,USER-2-MacBook-Pro,287,0
2355011,19,INSERT,USER_2,USER-2-MacBook-Pro,230,0
2355011,19,INSERT,USER_2,USER-2-MacBook-Pro,472,0
2355011,19,INSERT,USER_2,USER-2-MacBook-Pro,466,0
2355011,19,INSERT,USER_2,USER-2-MacBook-Pro,365,0
2355011,19,INSERT,USER_2,USER-2-MacBook-Pro,476,0
2355011,19,INSERT,USER_2,USER-2-MacBook-Pro,487,0
2355011,19,INSERT,USER_2,USER-2-MacBook-Pro,355,0
2355011,19,INSERT,USER_2,USER-2-MacBook-Pro,222,0
2355011,19,INSERT,USER_2,USER-2-MacBook-Pro,201,0
2355011,19,INSERT,USER_2,USER-2-MacBook-Pro,340,0
2355011,19,INSERT,USER_2,USER-2-MacBook-Pro,446,0
2355011,19,INSERT,USER_2,USER-2-MacBook-Pro,432,0
2355011,19,INSERT,USER_2,USER-2-MacBook-Pro,284,0
2355011,19,INSERT,USER_2,USER-2-MacBook-Pro,467,0
2355011,19,INSERT,USER_2,USER-2-MacBook-Pro,322,0
2355011,19,INSERT,USER_2,USER-2-MacBook-Pro,254,0
2355011,19,INSERT,USER_2,USER-2-MacBook-Pro,206,0
2355011,19,INSERT,USER_2,USER-2-MacBook-Pro,359,0
2355011,19,INSERT,USER_2,USER-2-MacBook-Pro,226,0
2355011,19,INSERT,USER_2,USER-2-MacBook-Pro,393,0
2355011,19,INSERT,USER_2,USER-2-MacBook-Pro,228,0
2355011,19,INSERT,USER_2,USER-2-MacBook-Pro,221,0
2355011,19,INSERT,USER_2,USER-2-MacBook-Pro,281,0
2355011,19,INSERT,USER_2,USER-2-MacBook-Pro,242,0
2355011,19,INSERT,USER_2,USER-2-MacBook-Pro,361,0
2355011,19,INSERT,USER_2,USER-2-MacBook-Pro,257,0
2355011,19,INSERT,USER_2,USER-2-MacBook-Pro,260,0
2355011,19,INSERT,USER_2,USER-2-MacBook-Pro,478,0
2355011,19,INSERT,USER_2,USER-2-MacBook-Pro,399,0
2355011,19,INSERT,USER_2,USER-2-MacBook-Pro,293,0
2355011,19,INSERT,USER_2,USER-2-MacBook-Pro,488,0
2355011,19,INSERT,USER_2,USER-2-MacBook-Pro,270,0
2355011,19,INSERT,USER_2,USER-2-MacBook-Pro,253,0
2355011,19,INSERT,USER_2,USER-2-MacBook-Pro,236,0
2355011,19,INSERT,USER_2,USER-2-MacBook-Pro,366,0
2355011,19,INSERT,USER_2,USER-2-MacBook-Pro,422,0
2355011,19,INSERT,USER_2,USER-2-MacBook-Pro,294,0
2355011,19,INSERT,USER_2,USER-2-MacBook-Pro,487,0
2355011,19,INSERT,USER_2,USER-2-MacBook-Pro,482,0
2355011,19,INSERT,USER_2,USER-2-MacBook-Pro,419,0
2355011,19,INSERT,USER_2,USER-2-MacBook-Pro,216,0
2355011,19,INSERT,USER_2,USER-2-MacBook-Pro,393,0
2355011,19,INSERT,USER_2,USER-2-MacBook-Pro,490,0
2355011,19,INSERT,USER_2,USER-2-MacBook-Pro,278,0
2355011,19,INSERT,USER_2,USER-2-MacBook-Pro,342,0
2355011,19,INSERT,USER_2,USER-2-MacBook-Pro,304,0
2355011,19,INSERT,USER_2,USER-2-MacBook-Pro,415,0
2355011,19,INSERT,USER_2,USER-2-MacBook-Pro,310,0
2355011,19,INSERT,USER_2,USER-2-MacBook-Pro,424,0
2355011,19,INSERT,USER_2,USER-2-MacBook-Pro,334,0
2355011,19,INSERT,USER_2,USER-2-MacBook-Pro,464,0
2355011,19,INSERT,USER_2,USER-2-MacBook-Pro,239,0
2355011,19,INSERT,USER_2,USER-2-MacBook-Pro,294,0
2355011,19,INSERT,USER_2,USER-2-MacBook-Pro,426,0
2355011,19,INSERT,USER_2,USER-2-MacBook-Pro,264,0
2355011,19,INSERT,USER_2,USER-2-MacBook-Pro,460,0
2355011,19,INSERT,USER_2,USER-2-MacBook-Pro,339,0
2355011,9,INSERT,USER_2,USER-2-MacBook-Pro,395,1
2355011,10,INSERT,USER_2,USER-2-MacBook-Pro,215,1
2355011,11,INSERT,USER_2,USER-2-MacBook-Pro,296,1
2355011,12,INSERT,USER_2,USER-2-MacBook-Pro,430,1
2355106,11,INSERT,USER_1,RDP-SESSION-17,496,1
2355132,11,INSERT,USER_2,RDP-SESSION-17,377,1
2355147,11,INSERT,ADMIN,RDP-SESSION-17,422,1
2355446,15,INSERT,ADMIN,adb-ap-mumbai-1-cluster1.external,438,0
2355446,15,INSERT,ADMIN,adb-ap-mumbai-1-cluster1.external,457,0
2355446,15,INSERT,ADMIN,adb-ap-mumbai-1-cluster1.external,380,0
2355446,15,INSERT,ADMIN,adb-ap-mumbai-1-cluster1.external,302,0
2355446,15,INSERT,ADMIN,adb-ap-mumbai-1-cluster1.external,409,0
2355446,15,INSERT,ADMIN,adb-ap-mumbai-1-cluster1.external,321,0
2355446,15,INSERT,ADMIN,adb-ap-mumbai-1-cluster1.external,388,0
2355446,15,INSERT,ADMIN,adb-ap-mumbai-1-cluster1.external,299,0
2355446,15,INSERT,ADMIN,adb-ap-mumbai-1-cluster1.external,489,0
2355446,15,INSERT,ADMIN,adb-ap-mumbai-1-cluster1.external,476,0
2355446,15,INSERT,ADMIN,adb-ap-mumbai-1-cluster1.external,337,0
2355446,15,INSERT,ADMIN,adb-ap-mumbai-1-cluster1.external,288,0
2355446,15,INSERT,ADMIN,adb-ap-mumbai-1-cluster1.external,322,0
2355446,15,INSERT,ADMIN,adb-ap-mumbai-1-cluster1.external,482,0
2355446,15,INSERT,ADMIN,adb-ap-mumbai-1-cluster1.external,398,0
2355446,15,INSERT,ADMIN,adb-ap-mumbai-1-cluster1.external,264,0
2355446,15,INSERT,ADMIN,adb-ap-mumbai-1-cluster1.external,319,0
2355446,15,INSERT,ADMIN,adb-ap-mumbai-1-cluster1.external,211,0
2355446,15,INSERT,ADMIN,adb-ap-mumbai-1-cluster1.external,374,0
2355446,15,INSERT,ADMIN,adb-ap-mumbai-1-cluster1.external,226,0
2355446,15,INSERT,ADMIN,adb-ap-mumbai-1-cluster1.external,409,0
2355446,15,INSERT,ADMIN,adb-ap-mumbai-1-cluster1.external,373,0
2355446,15,INSERT,ADMIN,adb-ap-mumbai-1-cluster1.external,200,0
2355446,15,INSERT,ADMIN,adb-ap-mumbai-1-cluster1.external,267,0
2355446,15,INSERT,ADMIN,adb-ap-mumbai-1-cluster1.external,447,0
2355446,15,INSERT,ADMIN,adb-ap-mumbai-1-cluster1.external,404,0
2355446,15,INSERT,ADMIN,adb-ap-mumbai-1-cluster1.external,256,0
2355446,15,INSERT,ADMIN,adb-ap-mumbai-1-cluster1.external,373,0
2355446,15,INSERT,ADMIN,adb-ap-mumbai-1-cluster1.external,309,0
2355446,15,INSERT,ADMIN,adb-ap-mumbai-1-cluster1.external,235,0
2355446,15,INSERT,ADMIN,adb-ap-mumbai-1-cluster1.external,455,0
2355446,15,INSERT,ADMIN,adb-ap-mumbai-1-cluster1.external,350,0
2355446,15,INSERT,ADMIN,adb-ap-mumbai-1-cluster1.external,469,0
2355446,15,INSERT,ADMIN,adb-ap-mumbai-1-cluster1.external,490,0
2355446,15,INSERT,ADMIN,adb-ap-mumbai-1-cluster1.external,311,0
2355446,15,INSERT,ADMIN,adb-ap-mumbai-1-cluster1.external,448,0
2355446,15,INSERT,ADMIN,adb-ap-mumbai-1-cluster1.external,261,0
2355446,15,INSERT,ADMIN,adb-ap-mumbai-1-cluster1.external,305,0
2355446,15,INSERT,ADMIN,adb-ap-mumbai-1-cluster1.external,401,0
2355446,15,INSERT,ADMIN,adb-ap-mumbai-1-cluster1.external,250,0
2355446,15,INSERT,ADMIN,adb-ap-mumbai-1-cluster1.external,493,0
2355446,15,INSERT,ADMIN,adb-ap-mumbai-1-cluster1.external,212,0
2355446,15,INSERT,ADMIN,adb-ap-mumbai-1-cluster1.external,308,0
2355446,15,INSERT,ADMIN,adb-ap-mumbai-1-cluster1.external,272,0
2355446,15,INSERT,ADMIN,adb-ap-mumbai-1-cluster1.external,488,0
2355446,15,INSERT,ADMIN,adb-ap-mumbai-1-cluster1.external,407,0
2355446,15,INSERT,ADMIN,adb-ap-mumbai-1-cluster1.external,286,0
2355446,15,INSERT,ADMIN,adb-ap-mumbai-1-cluster1.external,324,0
2355446,15,INSERT,ADMIN,adb-ap-mumbai-1-cluster1.external,202,0
2355446,15,INSERT,ADMIN,adb-ap-mumbai-1-cluster1.external,419,0
2355446,15,INSERT,ADMIN,adb-ap-mumbai-1-cluster1.external,454,0
2355446,15,INSERT,ADMIN,adb-ap-mumbai-1-cluster1.external,437,0
2355446,15,INSERT,ADMIN,adb-ap-mumbai-1-cluster1.external,386,0
2355446,15,INSERT,ADMIN,adb-ap-mumbai-1-cluster1.external,368,0
2355446,15,INSERT,ADMIN,adb-ap-mumbai-1-cluster1.external,478,0
2355446,15,INSERT,ADMIN,adb-ap-mumbai-1-cluster1.external,391,0
2355446,15,INSERT,ADMIN,adb-ap-mumbai-1-cluster1.external,311,0
2355446,15,INSERT,ADMIN,adb-ap-mumbai-1-cluster1.external,447,0
2355446,15,INSERT,ADMIN,adb-ap-mumbai-1-cluster1.external,365,0
2355446,15,INSERT,ADMIN,adb-ap-mumbai-1-cluster1.external,321,0
2355446,15,INSERT,ADMIN,adb-ap-mumbai-1-cluster1.external,465,0
2355446,15,INSERT,ADMIN,adb-ap-mumbai-1-cluster1.external,258,0
2355446,15,INSERT,ADMIN,adb-ap-mumbai-1-cluster1.external,274,0
2355446,15,INSERT,ADMIN,adb-ap-mumbai-1-cluster1.external,360,0
2355446,15,INSERT,ADMIN,adb-ap-mumbai-1-cluster1.external,270,0
2355446,15,INSERT,ADMIN,adb-ap-mumbai-1-cluster1.external,200,0
2355446,15,INSERT,ADMIN,adb-ap-mumbai-1-cluster1.external,396,0
2355446,15,INSERT,ADMIN,adb-ap-mumbai-1-cluster1.external,325,0
2355446,15,INSERT,ADMIN,adb-ap-mumbai-1-cluster1.external,415,0
2355446,15,INSERT,ADMIN,adb-ap-mumbai-1-cluster1.external,489,0
2355446,15,INSERT,ADMIN,adb-ap-mumbai-1-cluster1.external,396,0
2355446,15,INSERT,ADMIN,adb-ap-mumbai-1-cluster1.external,460,0
2355446,15,INSERT,ADMIN,adb-ap-mumbai-1-cluster1.external,236,0
2355446,15,INSERT,ADMIN,adb-ap-mumbai-1-cluster1.external,488,0
2355446,15,INSERT,ADMIN,adb-ap-mumbai-1-cluster1.external,278,0
2355446,15,INSERT,ADMIN,adb-ap-mumbai-1-cluster1.external,326,0
2355446,15,INSERT,ADMIN,adb-ap-mumbai-1-cluster1.external,303,0
2355446,15,INSERT,ADMIN,adb-ap-mumbai-1-cluster1.external,429,0
2355446,15,INSERT,ADMIN,adb-ap-mumbai-1-cluster1.external,434,0
2355446,15,INSERT,ADMIN,adb-ap-mumbai-1-cluster1.external,399,0
2355446,15,INSERT,ADMIN,adb-ap-mumbai-1-cluster1.external,487,0
2355446,15,INSERT,ADMIN,adb-ap-mumbai-1-cluster1.external,241,0
2355446,15,INSERT,ADMIN,adb-ap-mumbai-1-cluster1.external,222,0
2355446,15,INSERT,ADMIN,adb-ap-mumbai-1-cluster1.external,340,0
2355446,15,INSERT,ADMIN,adb-ap-mumbai-1-cluster1.external,231,0
2355446,15,INSERT,ADMIN,adb-ap-mumbai-1-cluster1.external,485,0
2355446,15,INSERT,ADMIN,adb-ap-mumbai-1-cluster1.external,200,0
2355446,15,INSERT,ADMIN,adb-ap-mumbai-1-cluster1.external,352,0
2355446,15,INSERT,ADMIN,adb-ap-mumbai-1-cluster1.external,290,0
2355446,15,INSERT,ADMIN,adb-ap-mumbai-1-cluster1.external,258,0
2355446,15,INSERT,ADMIN,adb-ap-mumbai-1-cluster1.external,493,0
2355446,15,INSERT,ADMIN,adb-ap-mumbai-1-cluster1.external,426,0
2355446,15,INSERT,ADMIN,adb-ap-mumbai-1-cluster1.external,299,0
2355446,15,INSERT,ADMIN,adb-ap-mumbai-1-cluster1.external,347,0
2355446,15,INSERT,ADMIN,adb-ap-mumbai-1-cluster1.external,492,0
2355446,15,INSERT,ADMIN,adb-ap-mumbai-1-cluster1.external,377,0
2355446,15,INSERT,ADMIN,adb-ap-mumbai-1-cluster1.external,435,0
2355446,15,INSERT,ADMIN,adb-ap-mumbai-1-cluster1.external,253,0
2355446,15,INSERT,ADMIN,adb-ap-mumbai-1-cluster1.external,205,0
2355446,15,INSERT,ADMIN,adb-ap-mumbai-1-cluster1.external,429,0
2355520,12,INSERT,USER_1,USER-1-android-4f2a9d1c12ab3e7d,303,0
2355520,12,INSERT,USER_1,USER-1-android-4f2a9d1c12ab3e7d,477,0
2355520,12,INSERT,USER_1,USER-1-android-4f2a9d1c12ab3e7d,427,0
2355520,12,INSERT,USER_1,USER-1-android-4f2a9d1c12ab3e7d,364,0
2355520,12,INSERT,USER_1,USER-1-android-4f2a9d1c12ab3e7d,273,0
2355520,12,INSERT,USER_1,USER-1-android-4f2a9d1c12ab3e7d,215,0
2355520,12,INSERT,USER_1,USER-1-android-4f2a9d1c12ab3e7d,310,0
2355520,12,INSERT,USER_1,USER-1-android-4f2a9d1c12ab3e7d,471,0
2355520,12,INSERT,USER_1,USER-1-android-4f2a9d1c12ab3e7d,484,0
2355520,12,INSERT,USER_1,USER-1-android-4f2a9d1c12ab3e7d,213,0
2355520,12,INSERT,USER_1,USER-1-android-4f2a9d1c12ab3e7d,432,0
2355520,12,INSERT,USER_1,USER-1-android-4f2a9d1c12ab3e7d,485,0
2355520,12,INSERT,USER_1,USER-1-android-4f2a9d1c12ab3e7d,210,0
2355520,12,INSERT,USER_1,USER-1-android-4f2a9d1c12ab3e7d,403,0
2355520,12,INSERT,USER_1,USER-1-android-4f2a9d1c12ab3e7d,220,0
2355520,12,INSERT,USER_1,USER-1-android-4f2a9d1c12ab3e7d,305,0
2355520,12,INSERT,USER_1,USER-1-android-4f2a9d1c12ab3e7d,290,0
2355520,12,INSERT,USER_1,USER-1-android-4f2a9d1c12ab3e7d,305,0
2355520,12,INSERT,USER_1,USER-1-android-4f2a9d1c12ab3e7d,488,0
2355520,12,INSERT,USER_1,USER-1-android-4f2a9d1c12ab3e7d,330,0
2355727,9,DDL,ADMIN,adb-ap-mumbai-1-cluster1.external,416,1
2355765,9,DDL,ADMIN,adb-ap-mumbai-1-cluster1.external,310,1
2355903,12,UPDATE,USER_2,USER-2-MacBook-Pro,276,1
2355903,12,UPDATE,USER_2,USER-2-MacBook-Pro,447,1
2355903,12,UPDATE,USER_2,USER-2-MacBook-Pro,431,1
2355903,12,UPDATE,USER_2,USER-2-MacBook-Pro,290,1
2355903,12,UPDATE,USER_2,USER-2-MacBook-Pro,360,1
2355903,12,UPDATE,USER_2,USER-2-MacBook-Pro,260,1
2355903,12,UPDATE,USER_2,USER-2-MacBook-Pro,468,1
2355933,18,UPDATE,USER_2,USER-2-MacBook-Pro,493,0
2355933,18,UPDATE,USER_2,USER-2-MacBook-Pro,408,0
2355933,18,UPDATE,USER_2,USER-2-MacBook-Pro,236,0
2355933,18,UPDATE,USER_2,USER-2-MacBook-Pro,300,0
2355933,18,UPDATE,USER_2,USER-2-MacBook-Pro,435,0
2355933,18,UPDATE,USER_2,USER-2-MacBook-Pro,385,0
2355933,18,UPDATE,USER_2,USER-2-MacBook-Pro,275,0
2355933,18,UPDATE,USER_2,USER-2-MacBook-Pro,311,0
2355933,18,UPDATE,USER_2,USER-2-MacBook-Pro,384,0
2355933,18,UPDATE,USER_2,USER-2-MacBook-Pro,448,0
2355933,18,UPDATE,USER_2,USER-2-MacBook-Pro,482,0
2355933,18,UPDATE,USER_2,USER-2-MacBook-Pro,348,0
2355933,18,UPDATE,USER_2,USER-2-MacBook-Pro,280,0
2355933,18,UPDATE,USER_2,USER-2-MacBook-Pro,440,0
2355933,18,UPDATE,USER_2,USER-2-MacBook-Pro,398,0
2355933,18,UPDATE,USER_2,USER-2-MacBook-Pro,490,0
2355933,18,UPDATE,USER_2,USER-2-MacBook-Pro,325,0
2355933,18,UPDATE,USER_2,USER-2-MacBook-Pro,423,0
2355933,18,UPDATE,USER_2,USER-2-MacBook-Pro,445,0
2355933,18,UPDATE,USER_2,USER-2-MacBook-Pro,285,0
2355933,18,UPDATE,USER_2,USER-2-MacBook-Pro,249,0
2355933,18,UPDATE,USER_2,USER-2-MacBook-Pro,272,0
2355933,18,UPDATE,USER_2,USER-2-MacBook-Pro,378,0
2355933,18,UPDATE,USER_2,USER-2-MacBook-Pro,273,0
2355933,19,UPDATE,USER_2,USER-2-MacBook-Pro,354,0
2355933,19,UPDATE,USER_2,USER-2-MacBook-Pro,301,0
2355933,19,UPDATE,USER_2,USER-2-MacBook-Pro,212,0
2355933,19,UPDATE,USER_2,USER-2-MacBook-Pro,420,0
2355933,19,UPDATE,USER_2,USER-2-MacBook-Pro,421,0
2355933,19,UPDATE,USER_2,USER-2-MacBook-Pro,234,0
2355933,19,UPDATE,USER_2,USER-2-MacBook-Pro,448,0
2355933,19,UPDATE,USER_2,USER-2-MacBook-Pro,351,0
2355933,19,UPDATE,USER_2,USER-2-MacBook-Pro,348,0
2355933,19,UPDATE,USER_2,USER-2-MacBook-Pro,337,0
2355933,19,UPDATE,USER_2,USER-2-MacBook-Pro,370,0
2355933,19,UPDATE,USER_2,USER-2-MacBook-Pro,214,0
2355933,19,UPDATE,USER_2,USER-2-MacBook-Pro,264,0
2355933,19,UPDATE,USER_2,USER-2-MacBook-Pro,245,0
2355933,19,UPDATE,USER_2,USER-2-MacBook-Pro,439,0
2355933,19,UPDATE,USER_2,USER-2-MacBook-Pro,290,0
2355933,19,UPDATE,USER_2,USER-2-MacBook-Pro,482,0
2355933,19,UPDATE,USER_2,USER-2-MacBook-Pro,205,0
2355933,19,UPDATE,USER_2,USER-2-MacBook-Pro,200,0
2355933,19,UPDATE,USER_2,USER-2-MacBook-Pro,399,0
2355933,19,UPDATE,USER_2,USER-2-MacBook-Pro,213,0
2355933,19,UPDATE,USER_2,USER-2-MacBook-Pro,450,0
2355933,19,UPDATE,USER_2,USER-2-MacBook-Pro,323,0
2355933,19,UPDATE,USER_2,USER-2-MacBook-Pro,442,0
2355933,19,UPDATE,USER_2,USER-2-MacBook-Pro,267,0
2355933,19,UPDATE,USER_2,USER-2-MacBook-Pro,426,0
2355933,19,UPDATE,USER_2,USER-2-MacBook-Pro,230,0
2355933,19,UPDATE,USER_2,USER-2-MacBook-Pro,351,0
2355933,19,UPDATE,USER_2,USER-2-MacBook-Pro,324,0
2355933,19,UPDATE,USER_2,USER-2-MacBook-Pro,499,0
2355933,19,UPDATE,USER_2,USER-2-MacBook-Pro,445,0
2355933,19,UPDATE,USER_2,USER-2-MacBook-Pro,284,0
2355933,19,UPDATE,USER_2,USER-2-MacBook-Pro,412,0
2355933,19,UPDATE,USER_2,USER-2-MacBook-Pro,397,0
2355933,19,UPDATE,USER_2,USER-2-MacBook-Pro,299,0
2355933,19,UPDATE,USER_2,USER-2-MacBook-Pro,486,0
2355933,19,UPDATE,USER_2,USER-2-MacBook-Pro,216,0
2355953,20,UPDATE,USER_2,USER-2-MacBook-Pro,297,0
2355953,20,UPDATE,USER_2,USER-2-MacBook-Pro,360,0
2355953,20,UPDATE,USER_2,USER-2-MacBook-Pro,304,0
2355953,20,UPDATE,USER_2,USER-2-MacBook-Pro,329,0
2355953,20,UPDATE,USER_2,USER-2-MacBook-Pro,284,0
2355953,20,UPDATE,USER_2,USER-2-MacBook-Pro,378,0
2355953,20,UPDATE,USER_2,USER-2-MacBook-Pro,384,0
2355953,20,UPDATE,USER_2,USER-2-MacBook-Pro,484,0
2355953,20,UPDATE,USER_2,USER-2-MacBook-Pro,225,0
2355953,20,UPDATE,USER_2,USER-2-MacBook-Pro,488,0
2355953,20,UPDATE,USER_2,USER-2-MacBook-Pro,442,0
2355953,20,UPDATE,USER_2,USER-2-MacBook-Pro,384,0
2355953,20,UPDATE,USER_2,USER-2-MacBook-Pro,226,0
2355953,20,UPDATE,USER_2,USER-2-MacBook-Pro,362,0
2355953,20,UPDATE,USER_2,USER-2-MacBook-Pro,406,0
2355953,20,UPDATE,USER_2,USER-2-MacBook-Pro,209,0
2355953,20,UPDATE,USER_2,USER-2-MacBook-Pro,250,0
2355953,20,UPDATE,USER_2,USER-2-MacBook-Pro,318,0
2355953,20,UPDATE,USER_2,USER-2-MacBook-Pro,202,0
2355953,20,UPDATE,USER_2,USER-2-MacBook-Pro,344,0
2355953,20,UPDATE,USER_2,USER-2-MacBook-Pro,458,0
2355953,20,UPDATE,USER_2,USER-2-MacBook-Pro,249,0
2355953,20,UPDATE,USER_2,USER-2-MacBook-Pro,296,0
2355953,20,UPDATE,USER_2,USER-2-MacBook-Pro,358,0
2355953,20,UPDATE,USER_2,USER-2-MacBook-Pro,377,0
2355953,20,UPDATE,USER_2,USER-2-MacBook-Pro,288,0
2355953,20,UPDATE,USER_2,USER-2-MacBook-Pro,353,0
2355953,20,UPDATE,USER_2,USER-2-MacBook-Pro,469,0
2355953,20,UPDATE,USER_2,USER-2-MacBook-Pro,362,0
2355953,20,UPDATE,USER_2,USER-2-MacBook-Pro,437,0
2355953,20,UPDATE,USER_2,USER-2-MacBook-Pro,309,0
2355953,20,UPDATE,USER_2,USER-2-MacBook-Pro,323,0
2355953,20,UPDATE,USER_2,USER-2-MacBook-Pro,428,0
2356015,18,INSERT,USER_2,USER-2-MacBook-Pro,431,0
2356015,18,INSERT,USER_2,USER-2-MacBook-Pro,376,0
2356015,18,INSERT,USER_2,USER-2-MacBook-Pro,390,0
2356015,18,INSERT,USER_2,USER-2-MacBook-Pro,416,0
2356015,18,INSERT,USER_2,USER-2-MacBook-Pro,304,0
2356015,18,INSERT,USER_2,USER-2-MacBook-Pro,352,0
2356015,18,INSERT,USER_2,USER-2-MacBook-Pro,352,0
2356015,18,INSERT,USER_2,USER-2-MacBook-Pro,290,0
2356015,18,INSERT,USER_2,USER-2-MacBook-Pro,295,0
2356015,18,INSERT,USER_2,USER-2-MacBook-Pro,352,0
2356015,18,INSERT,USER_2,USER-2-MacBook-Pro,364,0
2356015,18,INSERT,USER_2,USER-2-MacBook-Pro,222,0
2356015,18,INSERT,USER_2,USER-2-MacBook-Pro,427,0
2356015,18,INSERT,USER_2,USER-2-MacBook-Pro,486,0
2356015,18,INSERT,USER_2,USER-2-MacBook-Pro,374,0
2356015,18,INSERT,USER_2,USER-2-MacBook-Pro,496,0
2356015,18,INSERT,USER_2,USER-2-MacBook-Pro,345,0
2356015,18,INSERT,USER_2,USER-2-MacBook-Pro,477,0
2356015,18,INSERT,USER_2,USER-2-MacBook-Pro,468,0
2356015,18,INSERT,USER_2,USER-2-MacBook-Pro,497,0
2356015,18,INSERT,USER_2,USER-2-MacBook-Pro,301,0
2356015,18,INSERT,USER_2,USER-2-MacBook-Pro,368,0
2356015,18,INSERT,USER_2,USER-2-MacBook-Pro,310,0
2356015,18,INSERT,USER_2,USER-2-MacBook-Pro,405,0
2356015,18,INSERT,USER_2,USER-2-MacBook-Pro,459,0
2356015,18,INSERT,USER_2,USER-2-MacBook-Pro,369,0
2356015,18,INSERT,USER_2,USER-2-MacBook-Pro,473,0
2356015,18,INSERT,USER_2,USER-2-MacBook-Pro,450,0
2356015,18,INSERT,USER_2,USER-2-MacBook-Pro,371,0
2356015,18,INSERT,USER_2,USER-2-MacBook-Pro,360,0
2356015,18,INSERT,USER_2,USER-2-MacBook-Pro,203,0
2356015,18,INSERT,USER_2,USER-2-MacBook-Pro,332,0
2356015,18,INSERT,USER_2,USER-2-MacBook-Pro,406,0
2356015,18,INSERT,USER_2,USER-2-MacBook-Pro,215,0
2356015,18,INSERT,USER_2,USER-2-MacBook-Pro,228,0
2356015,18,INSERT,USER_2,USER-2-MacBook-Pro,270,0
2356015,18,INSERT,USER_2,USER-2-MacBook-Pro,329,0
2356015,18,INSERT,USER_2,USER-2-MacBook-Pro,442,0
2356015,18,INSERT,USER_2,USER-2-MacBook-Pro,488,0
2356015,19,INSERT,USER_2,USER-2-MacBook-Pro,372,0
2356015,19,INSERT,USER_2,USER-2-MacBook-Pro,208,0
2356015,19,INSERT,USER_2,USER-2-MacBook-Pro,315,0
2356015,19,INSERT,USER_2,USER-2-MacBook-Pro,238,0
2356015,19,INSERT,USER_2,USER-2-MacBook-Pro,242,0
2356015,19,INSERT,USER_2,USER-2-MacBook-Pro,205,0
2356015,19,INSERT,USER_2,USER-2-MacBook-Pro,249,0
2356015,19,INSERT,USER_2,USER-2-MacBook-Pro,343,0
2356015,19,INSERT,USER_2,USER-2-MacBook-Pro,461,0
2356015,19,INSERT,USER_2,USER-2-MacBook-Pro,234,0
2356015,19,INSERT,USER_2,USER-2-MacBook-Pro,465,0
2356015,19,INSERT,USER_2,USER-2-MacBook-Pro,210,0
2356015,19,INSERT,USER_2,USER-2-MacBook-Pro,323,0
2356015,19,INSERT,USER_2,USER-2-MacBook-Pro,306,0
2356015,19,INSERT,USER_2,USER-2-MacBook-Pro,451,0
2356015,19,INSERT,USER_2,USER-2-MacBook-Pro,343,0
2356015,19,INSERT,USER_2,USER-2-MacBook-Pro,400,0
2356015,19,INSERT,USER_2,USER-2-MacBook-Pro,376,0
2356015,19,INSERT,USER_2,USER-2-MacBook-Pro,214,0
2356015,19,INSERT,USER_2,USER-2-MacBook-Pro,401,0
2356015,19,INSERT,USER_2,USER-2-MacBook-Pro,404,0
2356015,19,INSERT,USER_2,USER-2-MacBook-Pro,454,0
2356015,19,INSERT,USER_2,USER-2-MacBook-Pro,487,0
2356015,19,INSERT,USER_2,USER-2-MacBook-Pro,435,0
2356015,19,INSERT,USER_2,USER-2-MacBook-Pro,270,0
2356015,19,INSERT,USER_2,USER-2-MacBook-Pro,268,0
2356015,19,INSERT,USER_2,USER-2-MacBook-Pro,277,0
2356015,19,INSERT,USER_2,USER-2-MacBook-Pro,470,0
2356015,19,INSERT,USER_2,USER-2-MacBook-Pro,435,0
2356015,19,INSERT,USER_2,USER-2-MacBook-Pro,327,0
2356015,19,INSERT,USER_2,USER-2-MacBook-Pro,392,0
2356035,20,INSERT,USER_2,USER-2-MacBook-Pro,305,0
2356035,20,INSERT,USER_2,USER-2-MacBook-Pro,234,0
2356035,20,INSERT,USER_2,USER-2-MacBook-Pro,384,0
2356035,20,INSERT,USER_2,USER-2-MacBook-Pro,385,0
2356035,20,INSERT,USER_2,USER-2-MacBook-Pro,259,0
2356035,20,INSERT,USER_2,USER-2-MacBook-Pro,322,0
2356035,20,INSERT,USER_2,USER-2-MacBook-Pro,218,0
2356035,20,INSERT,USER_2,USER-2-MacBook-Pro,376,0
2356035,20,INSERT,USER_2,USER-2-MacBook-Pro,309,0
2356035,20,INSERT,USER_2,USER-2-MacBook-Pro,331,0
2356035,20,INSERT,USER_2,USER-2-MacBook-Pro,454,0
2356035,20,INSERT,USER_2,USER-2-MacBook-Pro,255,0
2356035,20,INSERT,USER_2,USER-2-MacBook-Pro,491,0
2356035,20,INSERT,USER_2,USER-2-MacBook-Pro,432,0
2356035,20,INSERT,USER_2,USER-2-MacBook-Pro,260,0
2356035,20,INSERT,USER_2,USER-2-MacBook-Pro,299,0
2356035,20,INSERT,USER_2,USER-2-MacBook-Pro,449,0
2356035,20,INSERT,USER_2,USER-2-MacBook-Pro,373,0
2356035,20,INSERT,USER_2,USER-2-MacBook-Pro,434,0
2356035,20,INSERT,USER_2,USER-2-MacBook-Pro,297,0
2356035,20,INSERT,USER_2,USER-2-MacBook-Pro,381,0
2356035,20,INSERT,USER_2,USER-2-MacBook-Pro,287,0
2356035,20,INSERT,USER_2,USER-2-MacBook-Pro,475,0
2356035,20,INSERT,USER_2,USER-2-MacBook-Pro,324,0
2356035,20,INSERT,USER_2,USER-2-MacBook-Pro,205,0
2356035,20,INSERT,USER_2,USER-2-MacBook-Pro,426,0
2356035,20,INSERT,USER_2,USER-2-MacBook-Pro,395,0
2356035,20,INSERT,USER_2,USER-2-MacBook-Pro,385,0
2356035,20,INSERT,USER_2,USER-2-MacBook-Pro,368,0
2356035,20,INSERT,USER_2,USER-2-MacBook-Pro,390,0
2356051,18,DELETE,USER_2,USER-2-MacBook-Pro,307,0
2356051,18,DELETE,USER_2,USER-2-MacBook-Pro,445,0
2356051,18,DELETE,USER_2,USER-2-MacBook-Pro,348,0
2356051,18,DELETE,USER_2,USER-2-MacBook-Pro,337,0
2356051,18,DELETE,USER_2,USER-2-MacBook-Pro,203,0
2356051,18,DELETE,USER_2,USER-2-MacBook-Pro,256,0
2356051,18,DELETE,USER_2,USER-2-MacBook-Pro,333,0
2356051,18,DELETE,USER_2,USER-2-MacBook-Pro,446,0
2356051,18,DELETE,USER_2,USER-2-MacBook-Pro,292,0
2356051,18,DELETE,USER_2,USER-2-MacBook-Pro,266,0
2356051,18,DELETE,USER_2,USER-2-MacBook-Pro,320,0
2356051,18,DELETE,USER_2,USER-2-MacBook-Pro,324,0
2356051,18,DELETE,USER_2,USER-2-MacBook-Pro,437,0
2356051,18,DELETE,USER_2,USER-2-MacBook-Pro,298,0
2356051,18,DELETE,USER_2,USER-2-MacBook-Pro,341,0
2356051,18,DELETE,USER_2,USER-2-MacBook-Pro,475,0
2356051,18,DELETE,USER_2,USER-2-MacBook-Pro,457,0
2356051,18,DELETE,USER_2,USER-2-MacBook-Pro,408,0
2356051,18,DELETE,USER_2,USER-2-MacBook-Pro,291,0
2356051,18,DELETE,USER_2,USER-2-MacBook-Pro,383,0
2356051,18,DELETE,USER_2,USER-2-MacBook-Pro,491,0
2356051,18,DELETE,USER_2,USER-2-MacBook-Pro,280,0
2356051,18,DELETE,USER_2,USER-2-MacBook-Pro,343,0
2356051,18,DELETE,USER_2,USER-2-MacBook-Pro,413,0
2356051,18,DELETE,USER_2,USER-2-MacBook-Pro,297,0
2356051,18,DELETE,USER_2,USER-2-MacBook-Pro,405,0
2356051,18,DELETE,USER_2,USER-2-MacBook-Pro,426,0
2356051,18,DELETE,USER_2,USER-2-MacBook-Pro,393,0
2356051,18,DELETE,USER_2,USER-2-MacBook-Pro,493,0
2356051,18,DELETE,USER_2,USER-2-MacBook-Pro,426,0
2356051,18,DELETE,USER_2,USER-2-MacBook-Pro,373,0
2356051,18,DELETE,USER_2,USER-2-MacBook-Pro,340,0
2356051,18,DELETE,USER_2,USER-2-MacBook-Pro,380,0
2356051,18,DELETE,USER_2,USER-2-MacBook-Pro,207,0
2356051,18,DELETE,USER_2,USER-2-MacBook-Pro,441,0
2356051,18,DELETE,USER_2,USER-2-MacBook-Pro,307,0
2356051,18,DELETE,USER_2,USER-2-MacBook-Pro,208,0
2356051,18,DELETE,USER_2,USER-2-MacBook-Pro,483,0
2356051,18,DELETE,USER_2,USER-2-MacBook-Pro,309,0
2356051,18,DELETE,USER_2,USER-2-MacBook-Pro,214,0
2356051,18,DELETE,USER_2,USER-2-MacBook-Pro,330,0
2356051,18,DELETE,USER_2,USER-2-MacBook-Pro,329,0
2356051,18,DELETE,USER_2,USER-2-MacBook-Pro,252,0
2356051,18,DELETE,USER_2,USER-2-MacBook-Pro,272,0
2356051,18,DELETE,USER_2,USER-2-MacBook-Pro,367,0
2356051,18,DELETE,USER_2,USER-2-MacBook-Pro,496,0
2356051,18,DELETE,USER_2,USER-2-MacBook-Pro,262,0
2356051,18,DELETE,USER_2,USER-2-MacBook-Pro,243,0
2356051,18,DELETE,USER_2,USER-2-MacBook-Pro,254,0
2356071,20,DELETE,USER_2,USER-2-MacBook-Pro,252,0
2356071,20,DELETE,USER_2,USER-2-MacBook-Pro,417,0
2356071,20,DELETE,USER_2,USER-2-MacBook-Pro,343,0
2356071,20,DELETE,USER_2,USER-2-MacBook-Pro,275,0
2356071,20,DELETE,USER_2,USER-2-MacBook-Pro,218,0
2356071,20,DELETE,USER_2,USER-2-MacBook-Pro,474,0
2356071,20,DELETE,USER_2,USER-2-MacBook-Pro,385,0
2356071,20,DELETE,USER_2,USER-2-MacBook-Pro,305,0
2356071,20,DELETE,USER_2,USER-2-MacBook-Pro,289,0
2356071,20,DELETE,USER_2,USER-2-MacBook-Pro,243,0
2356071,20,DELETE,USER_2,USER-2-MacBook-Pro,271,0
2356071,20,DELETE,USER_2,USER-2-MacBook-Pro,471,0
2356071,20,DELETE,USER_2,USER-2-MacBook-Pro,240,0
2356071,20,DELETE,USER_2,USER-2-MacBook-Pro,349,0
2356071,20,DELETE,USER_2,USER-2-MacBook-Pro,485,0
2356071,20,DELETE,USER_2,USER-2-MacBook-Pro,251,0
2356071,20,DELETE,USER_2,USER-2-MacBook-Pro,258,0
2356071,20,DELETE,USER_2,USER-2-MacBook-Pro,214,0
2356071,20,DELETE,USER_2,USER-2-MacBook-Pro,486,0
2356071,20,DELETE,USER_2,USER-2-MacBook-Pro,259,0
2356071,20,DELETE,USER_2,USER-2-MacBook-Pro,492,0
2356071,20,DELETE,USER_2,USER-2-MacBook-Pro,231,0
2356071,20,DELETE,USER_2,USER-2-MacBook-Pro,463,0
2356071,20,DELETE,USER_2,USER-2-MacBook-Pro,213,0
2356071,20,DELETE,USER_2,USER-2-MacBook-Pro,209,0
2356071,20,DELETE,USER_2,USER-2-MacBook-Pro,315,0
2356071,20,DELETE,USER_2,USER-2-MacBook-Pro,423,0
2356071,20,DELETE,USER_2,USER-2-MacBook-Pro,393,0
2356071,20,DELETE,USER_2,USER-2-MacBook-Pro,441,0
2356071,20,DELETE,USER_2,USER-2-MacBook-Pro,309,0
2356071,20,DELETE,USER_2,USER-2-MacBook-Pro,214,0
2356071,20,DELETE,USER_2,USER-2-MacBook-Pro,370,0
2356071,20,DELETE,USER_2,USER-2-MacBook-Pro,391,0
2356071,20,DELETE,USER_2,USER-2-MacBook-Pro,370,0
2356071,20,DELETE,USER_2,USER-2-MacBook-Pro,295,0
2356071,20,DELETE,USER_2,USER-2-MacBook-Pro,292,0
2356071,20,DELETE,USER_2,USER-2-MacBook-Pro,326,0
2356071,20,DELETE,USER_2,USER-2-MacBook-Pro,256,0
2356071,20,DELETE,USER_2,USER-2-MacBook-Pro,342,0
2356071,20,DELETE,USER_2,USER-2-MacBook-Pro,456,0
2356071,20,DELETE,USER_2,USER-2-MacBook-Pro,201,0
2356071,20,DELETE,USER_2,USER-2-MacBook-Pro,284,0
2356071,20,DELETE,USER_2,USER-2-MacBook-Pro,268,0
2356071,20,DELETE,USER_2,USER-2-MacBook-Pro,305,0
2356071,20,DELETE,USER_2,USER-2-MacBook-Pro,217,0
2356071,20,DELETE,USER_2,USER-2-MacBook-Pro,362,0
2356071,20,DELETE,USER_2,USER-2-MacBook-Pro,322,0
2356071,20,DELETE,USER_2,USER-2-MacBook-Pro,419,0
2356071,20,DELETE,USER_2,USER-2-MacBook-Pro,288,0
2356115,10,INSERT,USER_1,USER-1-PC-DD455K1,315,0
2356115,10,INSERT,USER_1,USER-1-PC-DD455K1,464,0
2356115,10,INSERT,USER_1,USER-1-PC-DD455K1,411,0
2356115,10,INSERT,USER_1,USER-1-PC-DD455K1,454,0
2356115,10,INSERT,USER_1,USER-1-PC-DD455K1,405,0
2356115,10,INSERT,USER_1,USER-1-PC-DD455K1,229,0
2356115,10,INSERT,USER_1,USER-1-PC-DD455K1,398,0
2356115,10,INSERT,USER_1,USER-1-PC-DD455K1,201,0
2356115,10,INSERT,USER_1,USER-1-PC-DD455K1,242,0
2356115,10,INSERT,USER_1,USER-1-PC-DD455K1,226,0
2356115,10,INSERT,USER_1,USER-1-PC-DD455K1,303,0
2356115,10,INSERT,USER_1,USER-1-PC-DD455K1,440,0
2356115,10,INSERT,USER_1,USER-1-PC-DD455K1,278,0
2356115,10,INSERT,USER_1,USER-1-PC-DD455K1,445,0
2356115,10,INSERT,USER_1,USER-1-PC-DD455K1,492,0
2356115,10,INSERT,USER_1,USER-1-PC-DD455K1,298,0
2356115,10,INSERT,USER_1,USER-1-PC-DD455K1,416,0
2356115,10,INSERT,USER_1,USER-1-PC-DD455K1,326,0
2356115,10,INSERT,USER_1,USER-1-PC-DD455K1,443,0
2356115,10,INSERT,USER_1,USER-1-PC-DD455K1,470,0
2356115,10,INSERT,USER_1,USER-1-PC-DD455K1,313,0
2356115,10,INSERT,USER_1,USER-1-PC-DD455K1,264,0
2356115,10,INSERT,USER_1,USER-1-PC-DD455K1,266,0
2356115,10,INSERT,USER_1,USER-1-PC-DD455K1,301,0
2356115,10,INSERT,USER_1,USER-1-PC-DD455K1,229,0
2356115,10,INSERT,USER_1,USER-1-PC-DD455K1,347,0
2356115,10,INSERT,USER_1,USER-1-PC-DD455K1,232,0
2356115,10,INSERT,USER_1,USER-1-PC-DD455K1,419,0
2356115,10,INSERT,USER_1,USER-1-PC-DD455K1,301,0
2356115,10,INSERT,USER_1,USER-1-PC-DD455K1,236,0
2356115,10,INSERT,USER_1,USER-1-PC-DD455K1,301,0
2356115,10,INSERT,USER_1,USER-1-PC-DD455K1,453,0
2356115,10,INSERT,USER_1,USER-1-PC-DD455K1,398,0
2356115,10,INSERT,USER_1,USER-1-PC-DD455K1,436,0
2356115,10,INSERT,USER_1,USER-1-PC-DD455K1,332,0
2356115,10,INSERT,USER_1,USER-1-PC-DD455K1,424,0
2356115,10,INSERT,USER_1,USER-1-PC-DD455K1,336,0
2356115,10,INSERT,USER_1,USER-1-PC-DD455K1,485,0
2356115,10,INSERT,USER_1,USER-1-PC-DD455K1,306,0
2356115,10,INSERT,USER_1,USER-1-PC-DD455K1,431,0
2356115,10,INSERT,USER_1,USER-1-PC-DD455K1,274,0
2356115,10,INSERT,USER_1,USER-1-PC-DD455K1,491,0
2356115,10,INSERT,USER_1,USER-1-PC-DD455K1,458,0
2356115,10,INSERT,USER_1,USER-1-PC-DD455K1,404,0
2356115,10,INSERT,USER_1,USER-1-PC-DD455K1,362,0
2356115,10,INSERT,USER_1,USER-1-PC-DD455K1,475,0
2356115,10,INSERT,USER_1,USER-1-PC-DD455K1,257,0
2356115,10,INSERT,USER_1,USER-1-PC-DD455K1,260,0
2356115,10,INSERT,USER_1,USER-1-PC-DD455K1,237,0
2356115,10,INSERT,USER_1,USER-1-PC-DD455K1,304,0
2356115,10,INSERT,USER_1,USER-1-PC-DD455K1,352,0
2356115,10,INSERT,USER_1,USER-1-PC-DD455K1,452,0
2356115,10,INSERT,USER_1,USER-1-PC-DD455K1,413,0
2356115,10,INSERT,USER_1,USER-1-PC-DD455K1,213,0
2356115,10,INSERT,USER_1,USER-1-PC-DD455K1,283,0
2356115,10,INSERT,USER_1,USER-1-PC-DD455K1,470,0
2356115,10,INSERT,USER_1,USER-1-PC-DD455K1,294,0
2356115,10,INSERT,USER_1,USER-1-PC-DD455K1,440,0
2356115,10,INSERT,USER_1,USER-1-PC-DD455K1,254,0
2356115,10,INSERT,USER_1,USER-1-PC-DD455K1,320,0
2356115,10,INSERT,USER_1,USER-1-PC-DD455K1,410,0
2356115,10,INSERT,USER_1,USER-1-PC-DD455K1,248,0
2356115,10,INSERT,USER_1,USER-1-PC-DD455K1,497,0
2356115,10,INSERT,USER_1,USER-1-PC-DD455K1,366,0
2356115,10,INSERT,USER_1,USER-1-PC-DD455K1,268,0
2356115,10,INSERT,USER_1,USER-1-PC-DD455K1,359,0
2356115,10,INSERT,USER_1,USER-1-PC-DD455K1,205,0
2356115,10,INSERT,USER_1,USER-1-PC-DD455K1,335,0
2356115,10,INSERT,USER_1,USER-1-PC-DD455K1,338,0
2356115,10,INSERT,USER_1,USER-1-PC-DD455K1,438,0
2356115,10,INSERT,USER_1,USER-1-PC-DD455K1,433,0
2356115,10,INSERT,USER_1,USER-1-PC-DD455K1,359,0
2356115,10,INSERT,USER_1,USER-1-PC-DD455K1,432,0
2356115,10,INSERT,USER_1,USER-1-PC-DD455K1,316,0
2356115,10,INSERT,USER_1,USER-1-PC-DD455K1,240,0
2356115,10,INSERT,USER_1,USER-1-PC-DD455K1,409,0
2356115,10,INSERT,USER_1,USER-1-PC-DD455K1,411,0
2356115,10,INSERT,USER_1,USER-1-PC-DD455K1,389,0
2356115,10,INSERT,USER_1,USER-1-PC-DD455K1,415,0
2356115,10,INSERT,USER_1,USER-1-PC-DD455K1,222,0
2356115,10,INSERT,USER_1,USER-1-PC-DD455K1,346,0
2356115,10,INSERT,USER_1,USER-1-PC-DD455K1,304,0
2356115,10,INSERT,USER_1,USER-1-PC-DD455K1,281,0
2356115,10,INSERT,USER_1,USER-1-PC-DD455K1,496,0
2356115,10,INSERT,USER_1,USER-1-PC-DD455K1,323,0
2356115,10,INSERT,USER_1,USER-1-PC-DD455K1,472,0
2356115,10,INSERT,USER_1,USER-1-PC-DD455K1,480,0
2356115,10,INSERT,USER_1,USER-1-PC-DD455K1,347,0
2356115,10,INSERT,USER_1,USER-1-PC-DD455K1,330,0
2356115,10,INSERT,USER_1,USER-1-PC-DD455K1,333,0
2356115,10,INSERT,USER_1,USER-1-PC-DD455K1,394,0
2356115,10,INSERT,USER_1,USER-1-PC-DD455K1,297,0
2356115,10,INSERT,USER_1,USER-1-PC-DD455K1,260,0
2356115,10,INSERT,USER_1,USER-1-PC-DD455K1,230,0
2356115,10,INSERT,USER_1,USER-1-PC-DD455K1,297,0
2356115,10,INSERT,USER_1,USER-1-PC-DD455K1,437,0
2356115,20,INSERT,USER_1,USER-1-PC-DD455K1,201,1
2356115,20,INSERT,USER_1,USER-1-PC-DD455K1,238,1
2356115,20,INSERT,USER_1,USER-1-PC-DD455K1,294,1
2356115,20,INSERT,USER_1,USER-1-PC-DD455K1,377,1
2356115,20,INSERT,USER_1,USER-1-PC-DD455K1,282,1
2356115,20,INSERT,USER_1,USER-1-PC-DD455K1,400,1
2356115,20,INSERT,USER_1,USER-1-PC-DD455K1,351,1
2356115,20,INSERT,USER_1,USER-1-PC-DD455K1,445,1
2356121,11,INSERT,USER_1,USER-1-android-4f2a9d1c12ab3e7d ,251,0
2356121,11,INSERT,USER_1,USER-1-android-4f2a9d1c12ab3e7d ,430,0
2356121,11,INSERT,USER_1,USER-1-android-4f2a9d1c12ab3e7d ,315,0
2356121,11,INSERT,USER_1,USER-1-android-4f2a9d1c12ab3e7d ,415,0
2356121,11,INSERT,USER_1,USER-1-android-4f2a9d1c12ab3e7d ,336,0
2356121,11,INSERT,USER_1,USER-1-android-4f2a9d1c12ab3e7d ,423,0
2356121,11,INSERT,USER_1,USER-1-android-4f2a9d1c12ab3e7d ,288,0
2356121,11,INSERT,USER_1,USER-1-android-4f2a9d1c12ab3e7d ,433,0
2356121,11,INSERT,USER_1,USER-1-android-4f2a9d1c12ab3e7d ,484,0
2356121,11,INSERT,USER_1,USER-1-android-4f2a9d1c12ab3e7d ,219,0
2356121,11,INSERT,USER_1,USER-1-android-4f2a9d1c12ab3e7d ,255,0
2356121,11,INSERT,USER_1,USER-1-android-4f2a9d1c12ab3e7d ,415,0
2356121,11,INSERT,USER_1,USER-1-android-4f2a9d1c12ab3e7d ,416,0
2356121,11,INSERT,USER_1,USER-1-android-4f2a9d1c12ab3e7d ,437,0
2356121,11,INSERT,USER_1,USER-1-android-4f2a9d1c12ab3e7d ,381,0
2356121,11,INSERT,USER_1,USER-1-android-4f2a9d1c12ab3e7d ,214,0
2356121,11,INSERT,USER_1,USER-1-android-4f2a9d1c12ab3e7d ,481,0
2356121,11,INSERT,USER_1,USER-1-android-4f2a9d1c12ab3e7d ,267,0
2356121,11,INSERT,USER_1,USER-1-android-4f2a9d1c12ab3e7d ,462,0
2356121,11,INSERT,USER_1,USER-1-android-4f2a9d1c12ab3e7d ,302,0
2356121,11,INSERT,USER_1,USER-1-android-4f2a9d1c12ab3e7d ,227,0
2356121,11,INSERT,USER_1,USER-1-android-4f2a9d1c12ab3e7d ,396,0
2356121,11,INSERT,USER_1,USER-1-android-4f2a9d1c12ab3e7d ,246,0
2356121,11,INSERT,USER_1,USER-1-android-4f2a9d1c12ab3e7d ,311,0
2356121,11,INSERT,USER_1,USER-1-android-4f2a9d1c12ab3e7d ,302,0
2356121,11,INSERT,USER_1,USER-1-android-4f2a9d1c12ab3e7d ,218,0
2356121,11,INSERT,USER_1,USER-1-android-4f2a9d1c12ab3e7d ,373,0
2356121,11,INSERT,USER_1,USER-1-android-4f2a9d1c12ab3e7d ,210,0
2356121,11,INSERT,USER_1,USER-1-android-4f2a9d1c12ab3e7d ,355,0
2356121,11,INSERT,USER_1,USER-1-android-4f2a9d1c12ab3e7d ,367,0
2356121,11,INSERT,USER_1,USER-1-android-4f2a9d1c12ab3e7d ,404,0
2356121,11,INSERT,USER_1,USER-1-android-4f2a9d1c12ab3e7d ,381,0
2356121,11,INSERT,USER_1,USER-1-android-4f2a9d1c12ab3e7d ,426,0
2356121,11,INSERT,USER_1,USER-1-android-4f2a9d1c12ab3e7d ,416,0
2356121,11,INSERT,USER_1,USER-1-android-4f2a9d1c12ab3e7d ,345,0
2356121,11,INSERT,USER_1,USER-1-android-4f2a9d1c12ab3e7d ,204,0
2356121,11,INSERT,USER_1,USER-1-android-4f2a9d1c12ab3e7d ,350,0
2356121,11,INSERT,USER_1,USER-1-android-4f2a9d1c12ab3e7d ,396,0
2356121,11,INSERT,USER_1,USER-1-android-4f2a9d1c12ab3e7d ,461,0
2356121,11,INSERT,USER_1,USER-1-android-4f2a9d1c12ab3e7d ,398,0
2356121,11,INSERT,USER_1,USER-1-android-4f2a9d1c12ab3e7d ,438,0
2356121,11,INSERT,USER_1,USER-1-android-4f2a9d1c12ab3e7d ,253,0
2356121,11,INSERT,USER_1,USER-1-android-4f2a9d1c12ab3e7d ,429,0
2356121,11,INSERT,USER_1,USER-1-android-4f2a9d1c12ab3e7d ,292,0
2356121,11,INSERT,USER_1,USER-1-android-4f2a9d1c12ab3e7d ,239,0
2356121,11,INSERT,USER_1,USER-1-android-4f2a9d1c12ab3e7d ,460,0
2356121,11,INSERT,USER_1,USER-1-android-4f2a9d1c12ab3e7d ,439,0
2356121,11,INSERT,USER_1,USER-1-android-4f2a9d1c12ab3e7d ,399,0
2356121,11,INSERT,USER_1,USER-1-android-4f2a9d1c12ab3e7d ,283,0
2356121,11,INSERT,USER_1,USER-1-android-4f2a9d1c12ab3e7d ,389,0
2356121,11,INSERT,USER_1,USER-1-android-4f2a9d1c12ab3e7d ,264,0
2356121,11,INSERT,USER_1,USER-1-android-4f2a9d1c12ab3e7d ,255,0
2356121,11,INSERT,USER_1,USER-1-android-4f2a9d1c12ab3e7d ,428,0
2356121,11,INSERT,USER_1,USER-1-android-4f2a9d1c12ab3e7d ,355,0
2356121,11,INSERT,USER_1,USER-1-android-4f2a9d1c12ab3e7d ,470,0
2356121,11,INSERT,USER_1,USER-1-android-4f2a9d1c12ab3e7d ,450,0
2356121,11,INSERT,USER_1,USER-1-android-4f2a9d1c12ab3e7d ,324,0
2356121,11,INSERT,USER_1,USER-1-android-4f2a9d1c12ab3e7d ,376,0
2356121,11,INSERT,USER_1,USER-1-android-4f2a9d1c12ab3e7d ,496,0
2356121,11,INSERT,USER_1,USER-1-android-4f2a9d1c12ab3e7d ,334,0
2356121,11,INSERT,USER_1,USER-1-android-4f2a9d1c12ab3e7d ,335,0
2356121,11,INSERT,USER_1,USER-1-android-4f2a9d1c12ab3e7d ,301,0
2356121,11,INSERT,USER_1,USER-1-android-4f2a9d1c12ab3e7d ,364,0
2356121,11,INSERT,USER_1,USER-1-android-4f2a9d1c12ab3e7d ,481,0
2356121,11,INSERT,USER_1,USER-1-android-4f2a9d1c12ab3e7d ,369,0
2356121,11,INSERT,USER_1,USER-1-android-4f2a9d1c12ab3e7d ,349,0
2356121,11,INSERT,USER_1,USER-1-android-4f2a9d1c12ab3e7d ,276,0
2356121,11,INSERT,USER_1,USER-1-android-4f2a9d1c12ab3e7d ,415,0
2356121,11,INSERT,USER_1,USER-1-android-4f2a9d1c12ab3e7d ,243,0
2356121,11,INSERT,USER_1,USER-1-android-4f2a9d1c12ab3e7d ,380,0
2356121,11,INSERT,USER_1,USER-1-android-4f2a9d1c12ab3e7d ,296,0
2356121,11,INSERT,USER_1,USER-1-android-4f2a9d1c12ab3e7d ,363,0
2356121,11,INSERT,USER_1,USER-1-android-4f2a9d1c12ab3e7d ,236,0
2356121,11,INSERT,USER_1,USER-1-android-4f2a9d1c12ab3e7d ,376,0
2356121,11,INSERT,USER_1,USER-1-android-4f2a9d1c12ab3e7d ,376,0
2356121,11,INSERT,USER_1,USER-1-android-4f2a9d1c12ab3e7d ,213,0
2356121,11,INSERT,USER_1,USER-1-android-4f2a9d1c12ab3e7d ,469,0
2356121,11,INSERT,USER_1,USER-1-android-4f2a9d1c12ab3e7d ,426,0
2356121,11,INSERT,USER_1,USER-1-android-4f2a9d1c12ab3e7d ,210,0
2356121,11,INSERT,USER_1,USER-1-android-4f2a9d1c12ab3e7d ,216,0
2356121,11,INSERT,USER_1,USER-1-android-4f2a9d1c12ab3e7d ,395,0
2356121,11,INSERT,USER_1,USER-1-android-4f2a9d1c12ab3e7d ,458,0
2356121,11,INSERT,USER_1,USER-1-android-4f2a9d1c12ab3e7d ,328,0
2356121,11,INSERT,USER_1,USER-1-android-4f2a9d1c12ab3e7d ,431,0
2356121,11,INSERT,USER_1,USER-1-android-4f2a9d1c12ab3e7d ,467,0
2356121,11,INSERT,USER_1,USER-1-android-4f2a9d1c12ab3e7d ,345,0
2356121,11,INSERT,USER_1,USER-1-android-4f2a9d1c12ab3e7d ,404,0
2356121,11,INSERT,USER_1,USER-1-android-4f2a9d1c12ab3e7d ,229,0
2356121,18,INSERT,USER_1,USER-1-android-4f2a9d1c12ab3e7d ,416,1
2356121,18,INSERT,USER_1,USER-1-android-4f2a9d1c12ab3e7d ,465,1
2356121,18,INSERT,USER_1,USER-1-android-4f2a9d1c12ab3e7d ,201,1
2356121,18,INSERT,USER_1,USER-1-android-4f2a9d1c12ab3e7d ,455,1
2356121,18,INSERT,USER_1,USER-1-android-4f2a9d1c12ab3e7d ,238,1
2356121,18,INSERT,USER_1,USER-1-android-4f2a9d1c12ab3e7d ,430,1
2356121,18,INSERT,USER_1,USER-1-android-4f2a9d1c12ab3e7d ,332,1
2356121,18,INSERT,USER_1,USER-1-android-4f2a9d1c12ab3e7d ,380,1
2356151,16,INSERT,ADMIN,adb-ap-mumbai-1-cluster1.external,443,0
2356151,16,INSERT,ADMIN,adb-ap-mumbai-1-cluster1.external,340,0
2356151,16,INSERT,ADMIN,adb-ap-mumbai-1-cluster1.external,222,0
2356151,16,INSERT,ADMIN,adb-ap-mumbai-1-cluster1.external,450,0
2356151,16,INSERT,ADMIN,adb-ap-mumbai-1-cluster1.external,236,0
2356151,16,INSERT,ADMIN,adb-ap-mumbai-1-cluster1.external,271,0
2356151,16,INSERT,ADMIN,adb-ap-mumbai-1-cluster1.external,481,0
2356151,16,INSERT,ADMIN,adb-ap-mumbai-1-cluster1.external,251,0
2356151,16,INSERT,ADMIN,adb-ap-mumbai-1-cluster1.external,394,0
2356151,16,INSERT,ADMIN,adb-ap-mumbai-1-cluster1.external,483,0
2356151,16,INSERT,ADMIN,adb-ap-mumbai-1-cluster1.external,270,0
2356151,16,INSERT,ADMIN,adb-ap-mumbai-1-cluster1.external,274,0
2356151,16,INSERT,ADMIN,adb-ap-mumbai-1-cluster1.external,297,0
2356151,16,INSERT,ADMIN,adb-ap-mumbai-1-cluster1.external,251,0
2356151,16,INSERT,ADMIN,adb-ap-mumbai-1-cluster1.external,402,0
2356151,16,INSERT,ADMIN,adb-ap-mumbai-1-cluster1.external,438,0
2356151,16,INSERT,ADMIN,adb-ap-mumbai-1-cluster1.external,370,0
2356151,16,INSERT,ADMIN,adb-ap-mumbai-1-cluster1.external,282,0
2356151,16,INSERT,ADMIN,adb-ap-mumbai-1-cluster1.external,417,0
2356151,16,INSERT,ADMIN,adb-ap-mumbai-1-cluster1.external,270,0
2356151,16,INSERT,ADMIN,adb-ap-mumbai-1-cluster1.external,274,0
2356151,16,INSERT,ADMIN,adb-ap-mumbai-1-cluster1.external,445,0
2356151,16,INSERT,ADMIN,adb-ap-mumbai-1-cluster1.external,442,0
2356151,16,INSERT,ADMIN,adb-ap-mumbai-1-cluster1.external,433,0
2356151,16,INSERT,ADMIN,adb-ap-mumbai-1-cluster1.external,311,0
2356151,16,INSERT,ADMIN,adb-ap-mumbai-1-cluster1.external,288,0
2356151,16,INSERT,ADMIN,adb-ap-mumbai-1-cluster1.external,447,0
2356151,16,INSERT,ADMIN,adb-ap-mumbai-1-cluster1.external,283,0
2356151,16,INSERT,ADMIN,adb-ap-mumbai-1-cluster1.external,463,0
2356151,16,INSERT,ADMIN,adb-ap-mumbai-1-cluster1.external,400,0
2356151,16,INSERT,ADMIN,adb-ap-mumbai-1-cluster1.external,320,0
2356151,16,INSERT,ADMIN,adb-ap-mumbai-1-cluster1.external,469,0
2356151,16,INSERT,ADMIN,adb-ap-mumbai-1-cluster1.external,349,0
2356151,16,INSERT,ADMIN,adb-ap-mumbai-1-cluster1.external,210,0
2356151,16,INSERT,ADMIN,adb-ap-mumbai-1-cluster1.external,250,0
2356151,16,INSERT,ADMIN,adb-ap-mumbai-1-cluster1.external,263,0
2356151,16,INSERT,ADMIN,adb-ap-mumbai-1-cluster1.external,220,0
2356151,16,INSERT,ADMIN,adb-ap-mumbai-1-cluster1.external,365,0
2356151,16,INSERT,ADMIN,adb-ap-mumbai-1-cluster1.external,206,0
2356151,16,INSERT,ADMIN,adb-ap-mumbai-1-cluster1.external,402,0
2356151,16,INSERT,ADMIN,adb-ap-mumbai-1-cluster1.external,221,0
2356151,16,INSERT,ADMIN,adb-ap-mumbai-1-cluster1.external,457,0
2356151,16,INSERT,ADMIN,adb-ap-mumbai-1-cluster1.external,259,0
2356151,16,INSERT,ADMIN,adb-ap-mumbai-1-cluster1.external,268,0
2356151,16,INSERT,ADMIN,adb-ap-mumbai-1-cluster1.external,301,0
2356151,16,INSERT,ADMIN,adb-ap-mumbai-1-cluster1.external,405,0
2356151,16,INSERT,ADMIN,adb-ap-mumbai-1-cluster1.external,368,0
2356151,16,INSERT,ADMIN,adb-ap-mumbai-1-cluster1.external,208,0
2356151,16,INSERT,ADMIN,adb-ap-mumbai-1-cluster1.external,426,0
2356151,16,INSERT,ADMIN,adb-ap-mumbai-1-cluster1.external,283,0
2356151,16,INSERT,ADMIN,adb-ap-mumbai-1-cluster1.external,397,0
2356151,16,INSERT,ADMIN,adb-ap-mumbai-1-cluster1.external,496,0
2356151,16,INSERT,ADMIN,adb-ap-mumbai-1-cluster1.external,418,0
2356151,16,INSERT,ADMIN,adb-ap-mumbai-1-cluster1.external,271,0
2356151,16,INSERT,ADMIN,adb-ap-mumbai-1-cluster1.external,234,0
2356151,16,INSERT,ADMIN,adb-ap-mumbai-1-cluster1.external,471,0
2356151,16,INSERT,ADMIN,adb-ap-mumbai-1-cluster1.external,237,0
2356151,16,INSERT,ADMIN,adb-ap-mumbai-1-cluster1.external,401,0
2356151,16,INSERT,ADMIN,adb-ap-mumbai-1-cluster1.external,300,0
2356151,16,INSERT,ADMIN,adb-ap-mumbai-1-cluster1.external,454,0
2356151,16,INSERT,ADMIN,adb-ap-mumbai-1-cluster1.external,431,0
2356151,16,INSERT,ADMIN,adb-ap-mumbai-1-cluster1.external,381,0
2356151,16,INSERT,ADMIN,adb-ap-mumbai-1-cluster1.external,314,0
2356151,16,INSERT,ADMIN,adb-ap-mumbai-1-cluster1.external,490,0
2356151,16,INSERT,ADMIN,adb-ap-mumbai-1-cluster1.external,284,0
2356151,16,INSERT,ADMIN,adb-ap-mumbai-1-cluster1.external,400,0
2356151,16,INSERT,ADMIN,adb-ap-mumbai-1-cluster1.external,405,0
2356151,16,INSERT,ADMIN,adb-ap-mumbai-1-cluster1.external,442,0
2356151,16,INSERT,ADMIN,adb-ap-mumbai-1-cluster1.external,440,0
2356151,16,INSERT,ADMIN,adb-ap-mumbai-1-cluster1.external,422,0
2356151,16,INSERT,ADMIN,adb-ap-mumbai-1-cluster1.external,240,0
2356151,16,INSERT,ADMIN,adb-ap-mumbai-1-cluster1.external,361,0
2356151,16,INSERT,ADMIN,adb-ap-mumbai-1-cluster1.external,335,0
2356151,16,INSERT,ADMIN,adb-ap-mumbai-1-cluster1.external,293,0
2356151,16,INSERT,ADMIN,adb-ap-mumbai-1-cluster1.external,370,0
2356151,16,INSERT,ADMIN,adb-ap-mumbai-1-cluster1.external,393,0
2356151,20,INSERT,ADMIN,adb-ap-mumbai-1-cluster1.external,352,1
2356151,20,INSERT,ADMIN,adb-ap-mumbai-1-cluster1.external,392,1
2356151,20,INSERT,ADMIN,adb-ap-mumbai-1-cluster1.external,409,1
2356151,20,INSERT,ADMIN,adb-ap-mumbai-1-cluster1.external,447,1
2356151,20,INSERT,ADMIN,adb-ap-mumbai-1-cluster1.external,308,1
2356151,21,INSERT,ADMIN,adb-ap-mumbai-1-cluster1.external,244,1
2356151,21,INSERT,ADMIN,adb-ap-mumbai-1-cluster1.external,320,1
2356151,21,INSERT,ADMIN,adb-ap-mumbai-1-cluster1.external,340,1
2356151,21,INSERT,ADMIN,adb-ap-mumbai-1-cluster1.external,364,1
2356151,21,INSERT,ADMIN,adb-ap-mumbai-1-cluster1.external,436,1
2356151,21,INSERT,ADMIN,adb-ap-mumbai-1-cluster1.external,264,1
2356151,21,INSERT,ADMIN,adb-ap-mumbai-1-cluster1.external,289,1
2356171,16,DELETE,ADMIN,adb-ap-mumbai-1-cluster1.external,240,0
2356171,16,DELETE,ADMIN,adb-ap-mumbai-1-cluster1.external,409,0
2356171,16,DELETE,ADMIN,adb-ap-mumbai-1-cluster1.external,297,0
2356171,16,DELETE,ADMIN,adb-ap-mumbai-1-cluster1.external,464,0
2356171,16,DELETE,ADMIN,adb-ap-mumbai-1-cluster1.external,307,0
2356171,16,DELETE,ADMIN,adb-ap-mumbai-1-cluster1.external,460,0
2356171,16,DELETE,ADMIN,adb-ap-mumbai-1-cluster1.external,278,0
2356171,16,DELETE,ADMIN,adb-ap-mumbai-1-cluster1.external,496,0
2356171,16,DELETE,ADMIN,adb-ap-mumbai-1-cluster1.external,449,0
2356171,16,DELETE,ADMIN,adb-ap-mumbai-1-cluster1.external,403,0
2356171,16,DELETE,ADMIN,adb-ap-mumbai-1-cluster1.external,247,0
2356171,16,DELETE,ADMIN,adb-ap-mumbai-1-cluster1.external,312,0
2356171,16,DELETE,ADMIN,adb-ap-mumbai-1-cluster1.external,225,0
2356171,16,DELETE,ADMIN,adb-ap-mumbai-1-cluster1.external,236,0
2356171,16,DELETE,ADMIN,adb-ap-mumbai-1-cluster1.external,271,0
2356171,16,DELETE,ADMIN,adb-ap-mumbai-1-cluster1.external,346,0
2356171,16,DELETE,ADMIN,adb-ap-mumbai-1-cluster1.external,248,0
2356171,16,DELETE,ADMIN,adb-ap-mumbai-1-cluster1.external,313,0
2356171,16,DELETE,ADMIN,adb-ap-mumbai-1-cluster1.external,238,0
2356171,16,DELETE,ADMIN,adb-ap-mumbai-1-cluster1.external,409,0
2356171,16,DELETE,ADMIN,adb-ap-mumbai-1-cluster1.external,450,0
2356171,16,DELETE,ADMIN,adb-ap-mumbai-1-cluster1.external,211,0
2356171,16,DELETE,ADMIN,adb-ap-mumbai-1-cluster1.external,300,0
2356171,16,DELETE,ADMIN,adb-ap-mumbai-1-cluster1.external,477,0
2356171,16,DELETE,ADMIN,adb-ap-mumbai-1-cluster1.external,484,0
2356171,16,DELETE,ADMIN,adb-ap-mumbai-1-cluster1.external,331,0
2356171,16,DELETE,ADMIN,adb-ap-mumbai-1-cluster1.external,471,0
2356171,16,DELETE,ADMIN,adb-ap-mumbai-1-cluster1.external,250,0
2356171,16,DELETE,ADMIN,adb-ap-mumbai-1-cluster1.external,248,0
2356171,16,DELETE,ADMIN,adb-ap-mumbai-1-cluster1.external,290,0
2356171,16,DELETE,ADMIN,adb-ap-mumbai-1-cluster1.external,498,0
2356171,16,DELETE,ADMIN,adb-ap-mumbai-1-cluster1.external,343,0
2356171,16,DELETE,ADMIN,adb-ap-mumbai-1-cluster1.external,286,0
2356171,16,DELETE,ADMIN,adb-ap-mumbai-1-cluster1.external,259,0
2356171,16,DELETE,ADMIN,adb-ap-mumbai-1-cluster1.external,459,0
2356171,16,DELETE,ADMIN,adb-ap-mumbai-1-cluster1.external,425,0
2356171,16,DELETE,ADMIN,adb-ap-mumbai-1-cluster1.external,329,0
2356171,16,DELETE,ADMIN,adb-ap-mumbai-1-cluster1.external,328,0
2356171,16,DELETE,ADMIN,adb-ap-mumbai-1-cluster1.external,436,0
2356171,16,DELETE,ADMIN,adb-ap-mumbai-1-cluster1.external,487,0
2356171,16,DELETE,ADMIN,adb-ap-mumbai-1-cluster1.external,414,0
2356171,16,DELETE,ADMIN,adb-ap-mumbai-1-cluster1.external,253,0
2356171,16,DELETE,ADMIN,adb-ap-mumbai-1-cluster1.external,477,0
2356171,16,DELETE,ADMIN,adb-ap-mumbai-1-cluster1.external,318,0
2356171,16,DELETE,ADMIN,adb-ap-mumbai-1-cluster1.external,298,0
2356171,16,DELETE,ADMIN,adb-ap-mumbai-1-cluster1.external,265,0
2356171,16,DELETE,ADMIN,adb-ap-mumbai-1-cluster1.external,246,0
2356171,16,DELETE,ADMIN,adb-ap-mumbai-1-cluster1.external,312,0
2356171,16,DELETE,ADMIN,adb-ap-mumbai-1-cluster1.external,251,0
2356171,16,DELETE,ADMIN,adb-ap-mumbai-1-cluster1.external,253,0
2356171,16,DELETE,ADMIN,adb-ap-mumbai-1-cluster1.external,452,0
2356171,16,DELETE,ADMIN,adb-ap-mumbai-1-cluster1.external,260,0
2356171,16,DELETE,ADMIN,adb-ap-mumbai-1-cluster1.external,430,0
2356171,16,DELETE,ADMIN,adb-ap-mumbai-1-cluster1.external,477,0
2356171,16,DELETE,ADMIN,adb-ap-mumbai-1-cluster1.external,307,0
2356171,16,DELETE,ADMIN,adb-ap-mumbai-1-cluster1.external,421,0
2356171,16,DELETE,ADMIN,adb-ap-mumbai-1-cluster1.external,280,0
2356171,16,DELETE,ADMIN,adb-ap-mumbai-1-cluster1.external,333,0
2356171,16,DELETE,ADMIN,adb-ap-mumbai-1-cluster1.external,479,0
2356171,16,DELETE,ADMIN,adb-ap-mumbai-1-cluster1.external,361,0
2356171,16,DELETE,ADMIN,adb-ap-mumbai-1-cluster1.external,415,0
2356171,16,DELETE,ADMIN,adb-ap-mumbai-1-cluster1.external,396,0
2356171,16,DELETE,ADMIN,adb-ap-mumbai-1-cluster1.external,427,0
2356171,16,DELETE,ADMIN,adb-ap-mumbai-1-cluster1.external,260,0
2356171,20,DELETE,ADMIN,adb-ap-mumbai-1-cluster1.external,389,1
2356171,20,DELETE,ADMIN,adb-ap-mumbai-1-cluster1.external,310,1
2356171,20,DELETE,ADMIN,adb-ap-mumbai-1-cluster1.external,365,1
2356171,20,DELETE,ADMIN,adb-ap-mumbai-1-cluster1.external,225,1
2356171,20,DELETE,ADMIN,adb-ap-mumbai-1-cluster1.external,345,1
2356171,20,DELETE,ADMIN,adb-ap-mumbai-1-cluster1.external,263,1
2356171,22,DELETE,ADMIN,adb-ap-mumbai-1-cluster1.external,400,1
2356171,22,DELETE,ADMIN,adb-ap-mumbai-1-cluster1.external,237,1
2356251,22,DELETE,ADMIN,adb-ap-mumbai-1-cluster1.external,454,1
2356301,22,INSERT,ADMIN,adb-ap-mumbai-1-cluster1.external,209,1
2356325,22,INSERT,ADMIN,adb-ap-mumbai-1-cluster1.external,384,1
